"EIC";"Ýsim.Liste";"Licence.No";"Facility.Name";"Facility.id";"Company.Name";"Investor.Name";"Capacity..Mwe.";"SQL.Üretim.Mwe";"Kurulu.Güç";"Verilerin.alýndýðý.site";"Notlar";"Fuel.Type";"Facility.Type";"Location.Code..1.";"Location.Code..2.";"Location.Code..3.";"Pre.licence.Date";"Pre.licence.No";"Licence.Date";"Licence.end.date";"Commission.date";"Decommission.date";"id";"name";"shortName";"uevcb"
"40W000000000120X";"BORES";"EÜ/5466-3/03230";"BORES";6176;"BORES BOZCAADA RÜZGAR ENER.SANT.SAN.VE TÝC.A.Þ.";NA;38;10,2;10,2;"http://www.demirer.com.tr/santral/bores/index.html";NA;"Wind";"YAP ÝÞLET DEVRET SANTRALLARI";"ÇANAKKALE";"";NA;NA;NA;"12.02.2015";"25.07.2020";NA;NA;120;"BOZCAADA RES";"Bozca       ";"40W000003204384F"
"40W0000000004560";"ALÝZE RES";"EÜ/757-4/638";"ALÝZE RES";6014;"ALÝZE ENERJÝ ELEKTRÝK ÜRETÝM ANONÝM ÞÝRKETÝ";NA;43,6;12,5;10,7;"http://www.demirer.com.tr/santral/alize/cesme/index.html";"resmi sayfasýnda en son 2017 yýlýnda üretiminin arttýrýldýðý yazmakta";"Wind";"SERBEST ÜRETÝM ÞÝRKETÝ ";"ÝZMÝR";"ÇEÞME";NA;NA;NA;"16.05.2006";"16.05.2055";2017-02-03;NA;456;"ALÝZE ENERJÝ ÇEÞME SANTRALI";"ÇEÞME       ";"40W000000003568B"
"40W000000000493V";"MARE RES";"EÜ/565-5/580";"MARE RES";6111;"MARE MANASTIR RÜZGAR ENERJÝ SANTRALÝ SANAYÝ VE TÝCARET ANONÝM ÞÝRKETÝ";NA;224;65;56,2;"http://www.demirer.com.tr/santral/mare/index.html";"resmi sayfasýnda en son 2016 yýlýnda üretiminin arttýrýldýðý yazmakta";"Wind";"SERBEST ÜRETÝM ÞÝRKETÝ ";"ÝZMÝR";"ÇEÞME";NA;NA;NA;"20.10.2005";"20.10.2054";2016-12-05;NA;493;"Mare Manastýr Rüz.En.Sant.";"Mare        ";"40W0000000036687"
"40W000000000502J";"ÝNTEPE RES";"EÜ/249-3/385";"ÝNTEPE RES";6076;"ANEMON ENERJÝ ELEKTRÝK ÜRETÝM ANONÝM ÞÝRKETÝ";NA;221,2;59,96;55,7;"http://www.demirer.com.tr/santral/anemon/index.html";"resmi sayfasýnda en son 2016 yýlýnda üretiminin arttýrýldýðý yazmakta";"Wind";"SERBEST ÜRETÝM ÞÝRKETÝ ";"ÇANAKKALE";"";NA;NA;NA;"24.11.2003";"24.11.2052";2016-05-06;NA;502;"Ýntepe RES (Anemon)";"anemon      ";"40W100000003689N"
"40W000000000506B";"KARAKURT RES";"EÜ/250-4/389";"KARAKURT RES";6087;"DENÝZ ELEKTRÝK ÜRETÝM LÝMÝTED ÞÝRKETÝ";NA;40;11,81;10,8;"https://www.fernas.com.tr/portfolio/karakurt-ruzgar-enerji-santrali-projesi/";"10.8 MW elektriksel ve elektromekaniksel kurulu güce sahiptir. Buna ek olarak, firmanýn bu sahada bulunan kurulu gücünü 21.225 MW elektriksel ve elektromekaniksel kurulu güce çýkarma yetkisi bulunmaktadýr.";"Wind";"SERBEST ÜRETÝM ÞÝRKETÝ ";"MANÝSA";"AKHÝSAR";NA;NA;NA;"05.12.2003";"05.12.2052";NA;NA;506;"Karakurt RES";"KARRES      ";"40W000000003716M"
"40W000000000558T";"BURGAZ RES";"EÜ/207-4/353";"BURGAZ RES";6035;"DOÐAL ENERJÝ ELEKTRÝK ÜRETÝM ANONÝM ÞÝRKETÝ";NA;57,64;15,82;14,9;"https://polatenerji.com/santrallerimiz/burgaz-res";NA;"Wind";"SERBEST ÜRETÝM ÞÝRKETÝ ";"ÇANAKKALE";"";NA;NA;NA;"11.09.2003";"11.09.2052";NA;NA;558;"BURGAZ RES";"burgaz      ";"40W000000003729D"
"40W000000000573X";"BARES";"EÜ/1332-16/969";"BARES";6027;"BÝLGÝN GÜÇ SANTRALLERÝ ENERJÝ ÜRETÝM ANONÝM ÞÝRKETÝ";NA;205,2;59;50;"http://www.bilgin.com.tr/ana-sayfa#1";NA;"Wind";"SERBEST ÜRETÝM ÞÝRKETÝ ";"BALIKESÝR";"BANDIRMA";NA;NA;NA;"05.10.2007";"05.10.2052";2015-12-25;NA;573;"BANDIRMA RES(BÝLGÝN GÜÇ)";"BARES       ";"40W000000003744H"
"40W000000000587M";"YUNTDAÐI RES";"EÜ/325-2/457";"YUNTDAÐI RES";6171;"ÝNNORES ELEKTRÝK ÜRETÝM A.Þ.";NA;224;60;60;"https://www.enerjiatlasi.com/ruzgar/yuntdag-ruzgar-santrali-res.html";NA;"Wind";"SERBEST ÜRETÝM ÞÝRKETÝ ";"ÝZMÝR";"ALÝAÐA";NA;NA;NA;"04.06.2004";"04.06.2053";2012-01-18;NA;587;"YUNTDAG";"YNT         ";"40W0000000037578"
"40W000000000591V";"SEBENOBA RES";"EÜ/325-3/458";"SEBENOBA RES";6139;"DENÝZ ELEKTRÝK ÜRETÝM LÝMÝTED ÞÝRKETÝ";NA;132;67;60;"https://www.fernas.com.tr/portfolio/sebenoba-ruzgar-enerji-santrali-projesi/";NA;"Wind";"SERBEST ÜRETÝM ÞÝRKETÝ ";"HATAY";"";NA;NA;NA;"04.06.2004";"04.06.2053";2015-02-13;NA;591;"SEBENOBA RES";"SEBRES      ";"40W0000000037667"
"40W000000000610G";"ÇATALCA RES";"EÜ/284-7/398";"ÇATALCA RES";6039;"SANKO RÜZGAR ENERJÝSÝ SANAYÝ VE TÝCARET ANONÝM ÞÝRKETÝ";NA;352;93;100;"https://www.sanko.com.tr/tr/sektorel-enerji-catalca-ruzgar-santrali.aspx";NA;"Wind";"SERBEST ÜRETÝM ÞÝRKETÝ ";"ÝSTANBUL";"ÇATALCA";NA;NA;NA;"08.01.2004";"08.01.2053";2016-12-16;NA;610;"ÇATALCA RES";"ÇARES       ";"40W0000000037772"
"40W000000000613A";"SAYALAR RES";"EÜ/312-1/434";"SAYALAR RES";6138;"DOÐAL ENERJÝ ELEKTRÝK ÜRETÝM ANONÝM ÞÝRKETÝ";NA;216;61,36;57,2;"https://polatenerji.com/santrallerimiz/sayalar-res";NA;"Wind";"SERBEST ÜRETÝM ÞÝRKETÝ ";"MANÝSA";"AKHÝSAR";NA;NA;NA;"13.04.2004";"13.04.2053";2016-12-15;NA;613;"SAYALAR RES";"SAYALA      ";"40W000000003779Z"
"40W0000000006156";"LODOS KEMERBURGAZ RES";"EÜ/225-4/372";"LODOS KEMERBURGAZ RES";6108;"LODOS ELEKTRÝK ÜRETÝM.ANONÝM ÞÝRKETÝ";NA;70,76;24,15;24;"http://lodoselektrik.com.tr/Sayfalar.aspx?id=73";NA;"Wind";"SERBEST ÜRETÝM ÞÝRKETÝ ";"ÝSTANBUL";"GAZÝOSMANPAÞA";NA;NA;NA;"30.10.2003";"30.10.2052";NA;NA;615;"LODOS RES";"KBZRES      ";"40W000000003780D"
"40W000000000619Z";"ÞAMLI RES";"EÜ/311-4/433";"ÞAMLI RES";6131;"BAKÝ ELEKTRÝK ÜRETÝM LÝMÝTED ÞÝRKETÝ";NA;287,12;116,77;114;"https://www.fernas.com.tr/portfolio/samli-ruzgar-enerji-santrali-projesi/";"114 MW elektriksel ve elektromekaniksel kurulu güce sahiptir. Buna ek olarak, firmanýn bu sahada bulunan kurulu gücünü 126.5 MW elektriksel ve elektromekaniksel kurulu güce çýkarma yetkisi bulunmaktadýr.";"Wind";"SERBEST ÜRETÝM ÞÝRKETÝ ";"BALIKESÝR";"";NA;NA;NA;"06.04.2004";"06.04.2053";2011-11-13;NA;619;"ÞAMLI RES";"ÞAMRES      ";"40W0000000037845"
"40W000000000663W";"TEPE RES";"EÜ/1770-4/1264";"TEPE RES";6156;"TEPERES ELEKTRÝK ÜRETÝM A.Þ.";NA;11,68;5,85;5,85;"https://www.enerjiatlasi.com/ruzgar/tepe-ruzgar-santrali.html";NA;"Wind";"SERBEST ÜRETÝM ÞÝRKETÝ ";"ÝSTANBUL";"ÇATALCA";NA;NA;NA;"30.09.2008";"30.09.2057";2017-02-17;NA;663;"TEPERES RÜZGAR ELEKTRÝK SANTRALÝ";"TEPE        ";"40W000000003648D"
"40W000000000664U";"DATÇA RES";"EÜ/1188-1/853";"DATÇA RES";6047;"DARES DATÇA RÜZGAR ENERJÝ SANTRALI SANAYÝ VE TÝCARET ANONÝM ÞÝRKETÝ";NA;110,72;42,99;41,6;"http://www.demirer.com.tr/santral/dares/index.html";NA;"Wind";"SERBEST ÜRETÝM ÞÝRKETÝ ";"MUÐLA";"DATÇA";NA;NA;NA;"10.05.2007";"10.05.2056";2017-11-17;NA;664;"DARES DATÇA RES";"DARES       ";"40W000000003837A"
"40W000000000675P";"AKBÜK RES";"EÜ/3301-12/1992";"AKBÜK RES";6005;"SUAY EN. SANAYÝ VE TÝCARET ANONÝM ÞÝRKETÝ";NA;108;31;31,5;"http://www.ayen.com.tr/Tesisdetay.aspx?tesis=16";NA;"Wind";"SERBEST ÜRETÝM ÞÝRKETÝ ";"AYDIN";"DÝDÝM";NA;NA;NA;"05.07.2011";"05.07.2060";2019-01-24;NA;675;"AKBÜK RES(AYEN ENR.)";"AKBÜK RES   ";"40W000000003925D"
"40W000000000694L";"GÖKÇEDAÐ RES";"EÜ/255-6/391";"GÖKÇEDAÐ RES";6066;"ROTOR ELEKTRÝK ÜRETÝM ANONÝM ÞÝRKETÝ";NA;262;131;135;"https://www.zorluenerji.com.tr/tr/kurumsal/bagli-ortakliklar-ve-istirakler/rotor-elektrik-uretim-as";NA;"Wind";"SERBEST ÜRETÝM ÞÝRKETÝ ";"OSMANÝYE";"BAHÇE";NA;NA;NA;"19.12.2003";"19.12.2033";NA;NA;694;"GÖKÇEDAÐ RES";"OSMANÝYE    ";"40W100000004063N"
"40W000000000726Y";"DÜZOVA RES";"EÜ/1179-22/851";"DÜZOVA RES";6052;"ÜTOPYA ELEKTRÝK ÜRETÝM SANAYÝ VE TÝCARET ANONÝM ÞÝRKETÝ";NA;186,16;51,15;51,5;"https://www.finaenerji.com/santrallerimiz/ruzgar-enerji-santralleri/";NA;"Wind";"SERBEST ÜRETÝM ÞÝRKETÝ ";"ÝZMÝR";"BERGAMA";NA;NA;NA;"03.05.2007";"03.05.2056";2015-11-06;NA;726;"Düzova RES (Ütopya)";"Ütopya      ";"40W0000000040710"
"40W000000000729S";"ÇAMSEKÝ RES";"EÜ/1167-1/834";"ÇAMSEKÝ RES";6036;"ALÝZE ENERJÝ ELEKTRÝK ÜRETÝM ANONÝM ÞÝRKETÝ";NA;83,4;75,54;63,16;"http://www.demirer.com.tr/santral/alize/camseki/index.html";NA;"Wind";"SERBEST ÜRETÝM ÞÝRKETÝ ";"ÇANAKKALE";"EZÝNE";NA;NA;NA;"18.04.2007";"18.04.2056";2018-03-01;NA;729;"Çamseki RES";"Çamseki RES ";"40W000000003988Q"
"40W0000000007306";"KELTEPE RES";"EÜ/1167-3/836";"KELTEPE RES";6092;"ALÝZE ENERJÝ ELEKTRÝK ÜRETÝM ANONÝM ÞÝRKETÝ";NA;96;31;29,9;"http://www.demirer.com.tr/santral/alize/keltepe/index.html";NA;"Wind";"SERBEST ÜRETÝM ÞÝRKETÝ ";"BALIKESÝR";"SUSURLUK";NA;NA;NA;"18.04.2007";"18.04.2056";2016-12-18;NA;730;"Keltepe RES";"Keltepe RES ";"40W000000003989O"
"40W0000000007411";"BELEN RES";"EÜ/973-1/738";"BELEN RES";6028;"BELEN ELEKTRÝK ÜRETÝM ANONÝM ÞÝRKETÝ";NA;80;50;48;"http://www.belenelektrik.com.tr/TR,39/belen-elektrik-uretim-as.html";NA;"Wind";"SERBEST ÜRETÝM ÞÝRKETÝ ";"HATAY";"BELEN";NA;NA;NA;"09.11.2006";"09.11.2055";2013-07-26;NA;741;"BELEN ELEKTRÝK ÜRETÝM A.Þ";"BELEN RES   ";"40W000010004421R"
"40W000000000748O";"MAZI RES";"EÜ/786-2/648";"MAZI RES";6112;"BÝLGÝN GÜÇ SANTRALLERÝ ENERJÝ ÜRETÝM ANONÝM ÞÝRKETÝ";NA;119,4;32,9;30;"http://www.bilgin.com.tr/ana-sayfa#2";NA;"Wind";"SERBEST ÜRETÝM ÞÝRKETÝ ";"ÝZMÝR";"ÇEÞME";NA;NA;NA;"15.06.2006";"15.06.2055";NA;NA;748;"MAZI-3 RES";"MAZI-3      ";"40W0000000040702"
"40W000000000749M";"SARIKAYA RES";"EÜ/1167-4/837";"SARIKAYA RES";6135;"ALÝZE ENERJÝ ELEKTRÝK ÜRETÝM ANONÝM ÞÝRKETÝ";NA;112,8;32,6;28,8;"http://www.demirer.com.tr/santral/alize/sarikaya/index.html";NA;"Wind";"SERBEST ÜRETÝM ÞÝRKETÝ ";"TEKÝRDAÐ";"ÞARKÖY";NA;NA;NA;"18.04.2007";"18.04.2056";NA;NA;749;"SARIKAYA RÜZGAR ENERJÝ SANTRALI";"SARIKAYA RES";"40W000000004130A"
"40W000000000760Y";"SOMA RES";"EÜ/1149-7/827";"SOMA RES";6151;"SOMA ENERJÝ ELEKTRÝKÜRETÝM AÞ";NA;NA;286,82;288,1;"https://polatenerji.com/santrallerimiz/soma-res";NA;"Wind";"SERBEST ÜRETÝM ÞÝRKETÝ ";"MANÝSA";"SOMA";NA;NA;NA;"04.04.2007";"04.04.2056";2015-02-07;NA;760;"SOMA RES(SOMA ENR.)";"Soma RES    ";"40W000000004094P"
"40W000000000761W";"AYYILDIZ RES";"EÜ/973-2/739";"AYYILDIZ RES";6019;"AKENERJÝ ELEKTRÝK ÜRETÝM ANONÝM ÞÝRKETÝ";NA;83,64;28,89;28,2;"http://www.akenerji.com.tr/yatirimlarimiz";NA;"Wind";"SERBEST ÜRETÝM ÞÝRKETÝ ";"BALIKESÝR";"BANDIRMA";NA;NA;NA;"09.11.2006";"09.11.2055";2017-01-27;NA;761;"AKENERJÝ AYYILDIZ RES";"AYYILDIZ RES";"40W000000004093R"
"40W000000001401K";"MERSÝN RES";"EÜ/1245-10/901";"MERSÝN RES";6113;"GALATA WIND ENERJÝ ANONÝM ÞÝRKETÝ";NA;168;51;62,7;"https://www.enerjiatlasi.com/ruzgar/mersin-ruzgar-enerji-santrali.html";NA;"Wind";"SERBEST ÜRETÝM ÞÝRKETÝ ";"MERSÝN";"";NA;NA;NA;"05.07.2007";"05.07.2056";2017-12-08;NA;1401;"MERSÝN RES";"S1401";"40W0000000074902"
"40W000000001581T";"KOCADAÐ RES";"EÜ/786-1/647";"KOCADAÐ RES";6098;"KORES KOCADAÐ RÜZGARENERJÝ SANTRALIÜRETÝM A.Þ.";NA;96;28;25;"http://www.dostenerji.com/tr/santraller/kores-kocadag-res/";NA;"Wind";"SERBEST ÜRETÝM ÞÝRKETÝ ";"ÝZMÝR";"ÇEÞME";NA;NA;NA;"15.06.2006";"15.06.2055";2015-02-06;NA;1581;"KORES Kocadað RES";"KOR";"40W000000005405T"
"40W000000002141F";"ALÝAÐA BERGAMA RES";"EÜ/1678-3/1217";"ALÝAÐA BERGAMA RES";6011;"BERGAMA RES ENERJÝ ÜRETÝM ANONÝM ÞÝRKETÝ";NA;460;120;120;"http://www.bilgin.com.tr/proje/14/bergama-res-enerji-uretim-a-s-#1";NA;"Wind";"SERBEST ÜRETÝM ÞÝRKETÝ ";"ÝZMÝR";"ALÝAÐA";NA;NA;NA;"17.07.2008";"17.04.2055";2016-07-01;NA;2141;"ALÝAÐA RES(BERGAMA RES ENR.)";"S2141";"40W0000000063854"
"40W0000000021635";"BANDIRMA3 RES";"EÜ/1546-3/1129";"BANDIRMA3 RES";6024;"BURSA TEMÝZ ENERJÝ ELEKTRÝK ÜRETÝM SANAYÝ VE TÝCARET ANONÝM ÞÝRKETÝ";NA;148;42;40,8;"https://www.enerjiatlasi.com/ruzgar/bandirma-3-res.html";NA;"Wind";"SERBEST ÜRETÝM ÞÝRKETÝ ";"BALIKESÝR";"BANDIRMA";NA;NA;NA;"25.03.2008";"25.03.2057";2016-10-07;NA;2163;"BANDIRMA III RES(BURSA TEMÝZ ENR.)";"BAN";"40W0000000062874"
"40W000000002321D";"BOREAS RES";"EÜ/1179-21/850";"BOREAS RES";6033;"BOREAS ENERJÝ ÜRETÝM SÝSTEMLERÝ SANAYÝ VE TÝCARET ANONÝM ÞÝRKETÝ";NA;79,6;19,98;21,6;"http://boreas.com.tr/boreas-1-enez-ruzgar-enerjisi-santrali/";NA;"Wind";"SERBEST ÜRETÝM ÞÝRKETÝ ";"EDÝRNE";"ENEZ";NA;NA;NA;"03.05.2007";"03.05.2056";2016-07-31;NA;2321;"Boreas 1 Enez RES";"S2321";"40W000000007591X"
"40W0000000025215";"ÞENBÜK RES";"EÜ/1747-4/1257";"ÞENBÜK RES";6142;"BAKRAS ENERJÝ ELEKTRÝK ÜRETÝM VE TÝCARET ANONÝM ÞÝRKETÝ";NA;79,72;39,45;38,1;"https://www.enerjiatlasi.com/ruzgar/senbuk-ruzgar-enerji-santrali.html";NA;"Wind";"SERBEST ÜRETÝM ÞÝRKETÝ ";"HATAY";"BELEN";NA;NA;NA;"10.04.2008";"10.04.2057";2016-05-06;NA;2521;"ÞENBÜK RES(BAKRAS ENR.)";"S2521";"40W0000000098100"
"40W000000003182X";"ZÝYARET RES";"EÜ/2352-2/1572";"ZÝYARET RES";6175;"ZÝYARET RES ELEKTRÝK ÜRETÝM SANAYÝ VE TÝCARET ANONÝM ÞÝRKETÝ";NA;128;91,3;76;"https://www.finaenerji.com/santrallerimiz/ruzgar-enerji-santralleri";NA;"Wind";"SERBEST ÜRETÝM ÞÝRKETÝ ";"HATAY";"SAMANDAÐ";NA;NA;NA;"27.01.2004";"27.01.2053";2015-08-04;NA;3182;"Ziyaret RES";"S3182";"40W000000018651U"
"40W000000003222A";"SEFERÝHÝSAR ÜÇGEN RES";"EÜ/2078-5/1467";"SEFERÝHÝSAR ÜÇGEN RES";6141;"ÜÇGEN SEFERÝHÝSAR RÜZGAR ENER.ELEKT.ÜRETÝM A.Þ.";NA;84,92;22,03;14;"https://www.enerjiatlasi.com/ruzgar/seferihisar-res.html";NA;"Wind";"SERBEST ÜRETÝM ÞÝRKETÝ ";"ÝZMÝR";"SEFERÝHÝSAR";NA;NA;NA;"30.04.2009";"30.04.2058";2016-06-03;NA;3222;"SEFERÝHÝSAR RES(ÜÇGEN)";"S3222";"40W000003195729T"
"40W000000003302C";"SOMA1 RES";"EÜ/8541-10/04225";"SOMA1 RES";6149;"BÝLGÝN GÜÇ SANTRALLERÝ ENERJÝ ÜRETÝM ANONÝM ÞÝRKETÝ";NA;680;121;120;"http://www.bilgin.com.tr/ana-sayfa#2";NA;"Wind";"SERBEST ÜRETÝM ÞÝRKETÝ ";"MANÝSA";"";NA;NA;NA;"18.04.2019";"18.04.2056";NA;NA;3302;"SOMA RES(BÝLGÝN ENR.)";"S3302";"40W000003205890W"
"40W0000000041237";"SARES RES";"EÜ/1632-5/1193";"SARES RES";6134;"GARET ENERJÝ ÜRETÝM VE TÝCARET ANONÝM ÞÝRKETÝ";NA;105,6;28,06;27,5;"https://enerji.gama.com.tr/tr/varlik/sares-ruzgar-enerji-santrali/";NA;"Wind";"SERBEST ÜRETÝM ÞÝRKETÝ ";"ÇANAKKALE";"EZÝNE";NA;NA;NA;"05.06.2008";"05.06.2057";2015-12-04;NA;4123;"Sares";"S4123";"40W000000026808R"
"40W0000000042063";"KUYUCAK RES";"EÜ/1309-3/945";"KUYUCAK RES";6107;"ALÝZE ENERJÝ ELEKTRÝK ÜRETÝM ANONÝM ÞÝRKETÝ";NA;156;52;50,1;"http://www.demirer.com.tr/santral/alize/kuyucak/index.html";NA;"Wind";"SERBEST ÜRETÝM ÞÝRKETÝ ";"MANÝSA";"KIRKAÐAÇ";NA;NA;NA;"12.09.2007";"12.09.2056";2017-07-27;NA;4206;"KUYUCAK RES";"KUYUCAK RES";"40W0000000260870"
"40W000000004265O";"SUSURLUK RES";"EÜ/1690-2/1224";"SUSURLUK RES";6155;"SUSURLUK ENERJÝ ANONÝM ÞÝRKETÝ";NA;231,64;74,47;72,5;"http://www.eksim.com.tr/tr/sektorler/ruzgar-enerjisi-santralleri";NA;"Wind";"SERBEST ÜRETÝM ÞÝRKETÝ ";"BALIKESÝR";"SUSURLUK";NA;NA;NA;"24.07.2008";"24.07.2057";2017-05-30;NA;4265;"SUSURLUK RES";"S4265";"40W0000000293302"
"40W000000004373L";"TURGUTTEPE RES";"EÜ/1217-1/866";"TURGUTTEPE RES";6158;"SABAÞ ELEKTRÝK ÜRETÝM ANONÝM ÞÝRKETÝ";NA;96;24;39;"http://www.bgenerji.com.tr/tr/projelerimiz/turguttepe-ruzgar-enerji-santrali";NA;"Wind";"SERBEST ÜRETÝM ÞÝRKETÝ ";"AYDIN";"ÇÝNE";NA;NA;NA;"08.06.2007";"08.06.2056";NA;NA;4373;"TURGUTTEPE RES";"S4373";"40W000000028383N"
"40W0000000044884";"ENERJÝSA ÇANAKKALE RES";"EÜ/1501-2/1088";"ENERJÝSA ÇANAKKALE RES";6057;"ENERJÝSA ENERJÝ ÜRETÝM ANONÝM ÞÝRKETÝ";NA;116,4;36;29,9;"https://www.enerjisauretim.com.tr/faaliyetlerimiz/elektrik-uretimi/canakkale-santrali-res";NA;"Wind";"SERBEST ÜRETÝM ÞÝRKETÝ ";"ÇANAKKALE";"EZÝNE";NA;NA;NA;"21.02.2008";"21.02.2057";NA;NA;4488;"ENERJÝSA ÇANAKKALE RES";"ENERJÝSA ÇAN";"40W000000031373I"
"40W0000000047492";"ÇATALTEPE RES";"EÜ/1167-2/835";"ÇATALTEPE RES";6040;"ALÝZE ENERJÝ ELEKTRÝK ÜRETÝM ANONÝM ÞÝRKETÝ";NA;64;27,83;10;"http://supergrup.com.tr/super-elektrik/";NA;"Wind";"SERBEST ÜRETÝM ÞÝRKETÝ ";"BALIKESÝR";"HAVRAN";NA;NA;NA;"18.04.2007";"18.04.2056";2019-02-08;NA;4749;"ÇATALTEPE RES(ALÝZE)";"ÇATALTEPE RE";"40W000000037977U"
"40W000000004812L";"ÞAH RES";"EÜ/1565-7/1139";"ÞAH RES";6128;"GALATA WIND ENERJÝ ANONÝM ÞÝRKETÝ";NA;373,96;104,93;105;"http://www.doganholding.com.tr/is-alanlari/res.aspx";NA;"Wind";"SERBEST ÜRETÝM ÞÝRKETÝ ";"BALIKESÝR";"BANDIRMA";NA;NA;NA;"10.04.2008";"10.04.2057";2013-05-25;NA;4812;"ÞAH RES";"ÞAH RES";"40W000000038378A"
"40W000000004889N";"SEYÝTALÝ RES";"EÜ/1149-9/829";"SEYÝTALÝ RES";6144;"DORUK ENERJÝ ELEKTRÝK ÜRETÝM ANONÝM ÞÝRKETÝ";NA;160,56;43,58;36;"https://polatenerji.com/santrallerimiz/seyitali-res";NA;"Wind";"SERBEST ÜRETÝM ÞÝRKETÝ ";"ÝZMÝR";"";NA;NA;NA;"04.04.2007";"04.04.2056";2016-12-08;NA;4889;"Seyitali";"S4889";"40W000000049231T"
"40W000000004914D";"AKHÝSAR RES";"EÜ/332-4/463";"AKHÝSAR RES";6007;"AKHÝSAR ENERJÝ ANONÝM ÞÝRKETÝ";NA;160;57,76;55;"http://www.karesienerji.com.tr/Yeni/Istirakcilerimiz.aspx";NA;"Wind";"SERBEST ÜRETÝM ÞÝRKETÝ ";"MANÝSA";"";NA;NA;NA;"22.06.2004";"22.06.2053";2018-04-27;NA;4914;"AKRES";"AKRES";"40W000000049248C"
"40W000000004949V";"KÝLLÝK RES";"EÜ/1690-4/1226";"KÝLLÝK RES";6093;"TOKAT ENERJÝ ANONÝM ÞÝRKETÝ";NA;118;118;85;"http://www.eksim.com.tr/tr/sektorler/ruzgar-enerjisi-santralleri";NA;"Wind";"SERBEST ÜRETÝM ÞÝRKETÝ ";"TOKAT";"";NA;NA;NA;"24.07.2008";"24.07.2057";2017-07-21;NA;4949;"Killik RES";"S4949";"40W000000053016K"
"40W000000005029V";"BOZYAKA RES";"EÜ/3034-13/1793";"BOZYAKA RES";6034;"KARDEMÝR HADDECÝLÝK SANAYÝ VE TÝCARET ANONÝM ÞÝRKETÝ";NA;78,6;20,03;19,7;"https://www.kar-demir.com.tr/sayfa/bozyaka-res";NA;"Wind";"SERBEST ÜRETÝM ÞÝRKETÝ ";"ÝZMÝR";"ALÝAÐA";NA;NA;NA;"01.05.2008";"01.05.2057";2016-06-09;NA;5029;"BOZYAKA RES";"S5029";"40W0000000991127"
"40W0000000050341";"SEYÝT ONBAÞI RES";"EÜ/1054-11/780";"SEYÝT ONBAÞI RES";6145;"AYVACIK ELEKTRÝK ÜRETÝM ANONÝM ÞÝRKETÝ";NA;20;10;9,4;"http://www.guris.com.tr/TR,2582/seyit-onbasi-ruzgar-enerji-santralimizin-2-ilave-turbin-.html";NA;"Wind";"SERBEST ÜRETÝM ÞÝRKETÝ ";"ÇANAKKALE";"AYVACIK";NA;NA;NA;"11.01.2007";"11.01.2056";2018-07-06;NA;5034;"SEYÝT ONBAÞI RES";"S5034";"40W000000060855O"
"40W000000005088F";"ÇATALBÜK RES";"EÜ/1398-10/1024";"ÇATALBÜK RES";6038;"ABK ENERJÝ ELEKTRÝK ÜRETÝM ANONÝM ÞÝRKETÝ";NA;72;30;30;"http://abkenerji.com.tr/services-view/soke-catalbuk-res/";NA;"Wind";"SERBEST ÜRETÝM ÞÝRKETÝ ";"AYDIN";"";NA;NA;NA;"06.12.2007";"06.12.2056";NA;NA;5088;"Söke-Çatalbük Rüzgar Elektrik Santrali";"S5088";"40W0000000817860"
"40W0000000051208";"METRÝSTEPE RES";"EÜ/1461-1/1055";"METRÝSTEPE RES";6114;"CAN ENERJÝ ENTEGRE ELEKTRÝK ÜRETÝM A.Þ.";NA;92,96;49,1;39;"https://www.canenerji.com.tr/uretim.php";"39 MW (+ 12,5 MW ilave kapasite)";"Wind";"SERBEST ÜRETÝM ÞÝRKETÝ ";"BÝLECÝK";"BOZÜYÜK";NA;NA;NA;"17.01.2008";"17.01.2057";2019-04-26;NA;5120;"METRÝSTEPE RES";"METRÝTEPE RE";"40W000000081830N"
"40W000000005169F";"AKSU RES";"EÜ/1391-12/1015";"AKSU RES";6008;"AKSU TEMÝZ ENERJÝ ELEKTRÝK ÜRETÝM SANAYÝ VE TÝCARET ANONÝM ÞÝRKETÝ";NA;240,48;80;72;"http://www.ayen.com.tr/ayenaksu/";NA;"Wind";"SERBEST ÜRETÝM ÞÝRKETÝ ";"KAYSERÝ";"YAHYALI";NA;NA;NA;"29.11.2007";"29.11.2056";2019-03-21;NA;5169;"AKSU RES";"S5169";"40W000000083166K"
"40W000000005209T";"KAYADÜZÜ RES";"EÜ/1904-57/1365";"KAYADÜZÜ RES";6091;"MERZÝFON ENERJÝ ANONÝM ÞÝRKETÝ";NA;137,9;82,24;75;"http://www.eksim.com.tr/tr/sektorler/ruzgar-enerjisi-santralleri";NA;"Wind";"SERBEST ÜRETÝM ÞÝRKETÝ ";"AMASYA";"MERZÝFON";NA;NA;NA;"24.07.2008";"24.07.2057";2018-09-27;NA;5209;"Kayadüzü RES ";"S5209";"40W000000085919O"
"40W000000005313Y";"ÞENKÖY RES";"EÜ/1622-9/1182";"ÞENKÖY RES";6143;"EOLOS RÜZGAR ENERJÝSÝ ÜRETÝM ANONÝM ÞÝRKETÝ";NA;60;30;35;"https://www.enerjiatlasi.com/ruzgar/senkoy-ruzgar-enerji-santrali.html";NA;"Wind";"SERBEST ÜRETÝM ÞÝRKETÝ ";"HATAY";"MERKEZ";NA;NA;NA;"29.05.2008";"29.05.2057";2014-08-15;NA;5313;"EOLOS RÜZGAR ENERJÝSÝ ÜRETÝM A.Þ.";"S5313";NA
"40W000000005540N";"KARADAÐ GARET RES";"EÜ/5602/03276";"KARADAÐ GARET RES";6084;"GARET ENERJÝ ÜRETÝM VE TÝCARET ANONÝM ÞÝRKETÝ";NA;40;10,46;10;"https://enerji.gama.com.tr/tr/varlik/karadag-ruzgar-enerji-santrali/";NA;"Wind";"SERBEST ÜRETÝM ÞÝRKETÝ ";"ÝZMÝR";"ALÝAÐA";NA;NA;NA;"14.05.2015";"04.06.2057";2012-07-04;NA;5540;"Karadað";"Karadað";NA
"40W000000005541L";"GERES RES";"EÜ/3683-6/2238";"GERES RES";6062;"GERES ELEKTRÝK ÜRETÝM ANONÝM ÞÝRKETÝ";NA;108;33;30;"http://www.dostenerji.com/tr/santraller/geres-res/";NA;"Wind";"SERBEST ÜRETÝM ÞÝRKETÝ ";"MANÝSA";"KIRKAÐAÇ";NA;NA;NA;"09.02.2012";"09.02.2061";2016-05-27;NA;5541;"GERES RES";"S5541";NA
"40W000000005542J";"DAÐPAZARI RES";"EÜ/1690-6/1228";"DAÐPAZARI RES";6045;"ENERJÝSA ENERJÝ ÜRETÝM ANONÝM ÞÝRKETÝ";NA;148;41;39;"https://www.enerjisauretim.com.tr/faaliyetlerimiz/elektrik-uretimi/dagpazari-res";NA;"Wind";"SERBEST ÜRETÝM ÞÝRKETÝ ";"MERSÝN";"SÝLÝFKE";NA;NA;NA;"24.07.2008";"24.07.2057";2012-05-20;NA;5542;"ENERJÝSA DAÐPAZARI RES";"ENERJÝSA DAÐ";NA
"40W000000005611Q";"POYRAZ RES";"EÜ/1149-8/828";"POYRAZ RES";6125;"POYRAZ ENERJÝ ELEKTRÝK ÜRETÝM AÞ.";NA;557,6;79,68;66,9;"https://polatenerji.com/santrallerimiz/poyraz-res";NA;"Wind";"SERBEST ÜRETÝM ÞÝRKETÝ ";"BALIKESÝR";"KEPSUT";NA;NA;NA;"04.04.2007";"04.04.2056";2016-06-17;NA;5611;"POYRAZ RES (POYRAZ ENR.)";"S5611";NA
"40W000000005636A";"SAMURLU RES";"EÜ/1398-11/1025";"SAMURLU RES";6132;"DOÐAL ENERJÝ ELEKTRÝK ÜRETÝM ANONÝM ÞÝRKETÝ";NA;140;49;43,9;"https://polatenerji.com/santrallerimiz/samurlu-res";NA;"Wind";"SERBEST ÜRETÝM ÞÝRKETÝ ";"ÝZMÝR";"";NA;NA;NA;"06.12.2007";"06.12.2056";2017-03-31;NA;5636;"SAMURLU RES";"SAMURLU RES";NA
"40W000000005651E";"KOZBEYLÝ RES";"EÜ/1398-12/1026";"KOZBEYLÝ RES";6103;"DOÐAL ENERJÝ ELEKTRÝK ÜRETÝM ANONÝM ÞÝRKETÝ";NA;128;35;34,6;"https://polatenerji.com/santrallerimiz/kozbeyli-res";NA;"Wind";"SERBEST ÜRETÝM ÞÝRKETÝ ";"ÝZMÝR";"URLA";NA;NA;NA;"07.12.2007";"07.12.2056";2017-12-01;NA;5651;"KOZBEYLÝ RES";"KOZBEYLÝ RES";NA
"40W000000005714G";"BALIKESÝR RES";"EÜ/1167-6/839";"BALIKESÝR RES";6023;"ENERJÝSA ENERJÝ ÜRETÝM ANONÝM ÞÝRKETÝ";NA;540;143;143;"https://www.enerjisauretim.com.tr/faaliyetlerimiz/elektrik-uretimi/balikesir-res";NA;"Wind";"SERBEST ÜRETÝM ÞÝRKETÝ ";"BALIKESÝR";"";NA;NA;NA;"18.04.2007";"18.04.2056";2013-02-02;NA;5714;"BARES BALIKESÝR RES";"BARES BALIKE";NA
"40W000000005874V";"GÜNAYDIN RES";"EÜ/3490-17/2141";"GÜNAYDIN RES";6069;"MANRES RÜZGAR ENERJÝ ÜRETÝMÝ SANAYÝ VE TÝCARET ANONÝM ÞÝRKETÝ";NA;80;20;20;"https://www.finaenerji.com/santrallerimiz/ruzgar-enerji-santralleri/";NA;"Wind";"SERBEST ÜRETÝM ÞÝRKETÝ ";"BALIKESÝR";"MANYAS";NA;NA;NA;"11.11.2011";"11.11.2060";2014-06-27;NA;5874;"GÜNAYDIN RES";"S5874";NA
"40W000000005892T";"MADRANBABA RES";"EÜ/2466-3/1601";"MADRANBABA RES";6110;"KIROBA ELEKTRÝK ÜRETÝM ANONÝM ÞÝRKETÝ";NA;72;20;19,5;"https://www.enerjiatlasi.com/ruzgar/madranbaba-res.html";NA;"Wind";"SERBEST ÜRETÝM ÞÝRKETÝ ";"AYDIN";"ÇÝNE";NA;NA;NA;"17.03.2010";"17.03.2059";2013-07-30;NA;5892;"MADRANBABA RES";"S5892";NA
"40W000000005895N";"LODOS RES";"EÜ/7724/03863";"LODOS RES";6109;"LODOS KARABURUN ELEKTRÝK ÜRETÝM A.Þ.";NA;464;133;120;"https://www.enerjiatlasi.com/ruzgar/karaburun-ruzgar-santrali.html";NA;"Wind";"SERBEST ÜRETÝM ÞÝRKETÝ ";"ÝZMÝR";"KARABURUN";NA;NA;NA;"01.03.2018";"29.05.2057";2013-07-26;NA;5895;"KARABURUN RES";"S5895";NA
"40W000000005936Z";"DÝNAR RES";"EÜ/3118-6/1872";"DÝNAR RES";6051;"OLGU ENERJÝ YATIRIM ÜRETÝM VE TÝCARET A.Þ.";NA;761,2;205;200,25;"http://www.olguenerji.com.tr/TR,120/olgu-enerji-yatirim-uretim-ve-ticaret-as.html";NA;"Wind";"SERBEST ÜRETÝM ÞÝRKETÝ ";"AFYON";"DÝNAR";NA;NA;NA;"16.03.2011";"16.03.2060";2017-01-27;NA;5936;"DÝNAR RES (OLGU ENERJÝ YATIRIM ÜRETÝM VE TÝCARET A.Þ.)";"S5936";NA
"40W000000006076H";"KAPIDAÐ RES";"EÜ/1003-1/753";"KAPIDAÐ RES";6080;"KAPIDAÐ RÜZGAR ENERJÝ ELEKTRÝK ÜRETÝM SAN VE TÝC AÞ";NA;64;28;28;"https://www.fernas.com.tr/portfolio/kapidag-ruzgar-enerji-santrali-projesi/";"apýdað RES 28 MW elektriksel ve elektromekaniksel kurulu güce sahiptir. Buna ek olarak, firmanýn bu sahada bulunan kurulu gücünü 34.85 MW elektriksel ve elektromekaniksel kurulu güce çýkarma yetkisi bulunmaktadýr.";"Wind";"SERBEST ÜRETÝM ÞÝRKETÝ ";"BALIKESÝR";"ERDEK";NA;NA;NA;"12.12.2006";"12.12.2055";2018-11-24;NA;6076;"Kapýdað Rüzgar Enerjisi Elektrik Üretim Sanayi ve Ticaret A.Þ   ";"S6076";NA
"40W000000006302Y";"PAÞALÝMANI RES";"EÜ/3490-14/2138";"PAÞALÝMANI RES";6121;"RK RÜZGAR ENERJÝ SANTRALLERÝ ELEKTRÝK ÜRETÝM SANAYÝ VE TÝCARET LÝMÝTED ÞÝRKETÝ";NA;3,2;0,9;0,8;"https://www.enerjiatlasi.com/sehir/balikesir/";NA;"Wind";"SERBEST ÜRETÝM ÞÝRKETÝ ";"BALIKESÝR";"ERDEK";NA;NA;NA;"11.11.2011";"11.11.2060";2013-11-25;NA;6302;"PAÞALÝMANI RES";"S6302";NA
"40W0000000065377";"ZEYTÝNELÝ RES";"EÜ/8541-11/04224";"ZEYTÝNELÝ RES";6173;"BÝLGÝN GÜÇ SANTRALLERÝ ENERJÝ ÜRETÝM ANONÝM ÞÝRKETÝ";NA;200;52,55;50;"http://www.bilgin.com.tr/proje/16/zeytineli-res-elektrik-uretim-a-s-#1";NA;"Wind";"SERBEST ÜRETÝM ÞÝRKETÝ ";"ÝZMÝR";"ÇEÞME";NA;NA;NA;"18.04.2019";"29.05.2057";NA;NA;6537;"Zeytineli RES";"S6537";NA
"40W000000006616B";"EDÝNCÝK RES";"EÜ/3721-9/2273";"EDÝNCÝK RES";6054;"EDÝNCÝK ENERJÝ ÜRETÝM ANONÝM ÞÝRKETÝ";NA;271,32;77,04;77,4;"https://www.enerjiatlasi.com/ruzgar/edincik-res.html";NA;"Wind";"SERBEST ÜRETÝM ÞÝRKETÝ ";"BALIKESÝR";"BANDIRMA";NA;NA;NA;"04.08.2011";"04.08.2060";2016-11-06;NA;6616;"EDÝNCÝK RES";"S6616";NA
"40W0000000066802";"YENÝ ÞENBÜK RES";"EÜ/3683-28/2245";"YENÝ ÞENBÜK RES";6170;"YENÝ BELEN ENERJÝ ELEKTRÝK ÜRETÝM SANAYÝ VE TÝCARET A.Þ";NA;108;31;27;"https://www.enerjiatlasi.com/ruzgar/senbuk-res.html";NA;"Wind";"SERBEST ÜRETÝM ÞÝRKETÝ ";"HATAY";"BELEN";NA;NA;NA;"09.02.2012";"09.02.2061";2013-06-27;NA;6680;"ÞENBÜK RES(YENÝ BELEN ENR.)";"senbuk res";NA
"40W0000000067604";"GEYCEK RES";"EÜ/1605-1/1167";"GEYCEK RES";6065;"AL-YEL ELEKTRÝK ÜRETÝM ANONÝM ÞÝRKETÝ";NA;388;186;168;"https://polatenerji.com/santrallerimiz/geycek-res";NA;"Wind";"SERBEST ÜRETÝM ÞÝRKETÝ ";"KIRÞEHÝR";"";NA;NA;NA;"14.05.2008";"14.05.2057";2016-08-05;NA;6760;"GEYCEK RES";"S6760";NA
"40W000000007023X";"MORDOÐAN AYEN RES";"EÜ/1622-13/1186";"MORDOÐAN AYEN RES";6115;"AYEN ENERJÝ ANONÝM ÞTÝ.";NA;122,52;31,26;30,75;"http://www.ayen.com.tr/Tesisdetay.aspx?tesis=11";NA;"Wind";"SERBEST ÜRETÝM ÞÝRKETÝ ";"ÝZMÝR";"KARABURUN";NA;NA;NA;"29.05.2008";"29.05.2057";2013-09-27;NA;7023;"MORDOÐAN RES(AYEN ENR.)";"MORDOÐAN RES";NA
"40W0000000070982";"SALMAN RES";"EÜ/3446-5/2091";"SALMAN RES";6130;"ÖRES ELEKTRÝK ÜRETÝM ANONÝM ÞÝRKETÝ";NA;80;20;20;"https://www.finaenerji.com/santrallerimiz/ruzgar-enerji-santralleri/";NA;"Wind";"SERBEST ÜRETÝM ÞÝRKETÝ ";"ÝZMÝR";"KARABURUN";NA;NA;NA;"06.10.2011";"06.10.2060";2014-05-14;NA;7098;"Salman RES";"S7098";NA
"40W000000007158A";"KARADERE RES";"EÜ/3490-13/2137";"KARADERE RES";6086;"AYSU ENERJÝ SANAYÝ VE TÝCARET ANONÝM ÞÝRKETÝ";NA;38,4;19,5;19,2;"https://www.finaenerji.com/santrallerimiz/ruzgar-enerji-santralleri/";NA;"Wind";"SERBEST ÜRETÝM ÞÝRKETÝ ";"KIRKLARELÝ";"MERKEZ";NA;NA;NA;"11.11.2011";"11.11.2060";2017-01-06;NA;7158;"Karadere RES";"S7158";NA
"40W0000000071598";"ÞADILLI RES";"EÜ/3696-3/2248";"ÞADILLI RES";6127;"ÇANRES ELEKTRÝK ÜRETÝM ANONÝM ÞÝRKETÝ";NA;80,6;37,25;33;"https://www.finaenerji.com/santrallerimiz/ruzgar-enerji-santralleri/";NA;"Wind";"SERBEST ÜRETÝM ÞÝRKETÝ ";"EDÝRNE";"KEÞAN";NA;NA;NA;"15.02.2012";"14.02.2061";2014-10-26;NA;7159;"Þadýllý RES";"S7159";NA
"40W000000007160N";"SARAY RES";"EÜ/5117/7/03139";"SARAY RES";6133;"SARAY DÖKÜM VE MADENÝ AKSAM SANAYÝ TURÝZM ANONÝM ÞÝRKETÝ";NA;8;4,67;6;"https://saray.com/grup-faaliyetlerimiz/enerji/";NA;"Wind";"SERBEST ÜRETÝM ÞÝRKETÝ ";"TEKÝRDAÐ";"ÇERKEZKÖY";NA;NA;NA;"10.03.2011";"10.03.2046";2013-09-27;NA;7160;"SARAY DÖKÜM RES";"S7160";NA
"40W0000000074384";"HASANBEYLÝ RES";"EÜ/3490-8/2132";"HASANBEYLÝ RES";6073;"HASANBEYLÝ ENERJÝ A.Þ.";NA;100;52;50;"http://www.eksim.com.tr/tr/sektorler/ruzgar-enerjisi-santralleri";NA;"Wind";"SERBEST ÜRETÝM ÞÝRKETÝ ";"OSMANÝYE";"HASANBEYLÝ";NA;NA;NA;"11.11.2011";"11.11.2060";2014-02-28;NA;7438;"Hasanbeyli RES ";"S7438";NA
"40W000000007459X";"UÞAK RES";"EÜ/3301-10/1990";"UÞAK RES";6163;"ARNAZ RES ELEKTRÝK ÜRETÝM ANONÝM ÞÝRKETÝ";NA;140;54,45;61,5;"https://www.bereketenerjigrubu.com/tr/yenilenebilir-uretim/ruzgar#";NA;"Wind";"SERBEST ÜRETÝM ÞÝRKETÝ ";"UÞAK";"BANAZ";NA;NA;NA;"08.07.2008";"08.07.2057";2014-05-17;NA;7459;"UÞAK RES";"S7459";NA
"40W0000000075801";"GÜNDOÐDU RES";"EÜ/3712-2/2261";"GÜNDOÐDU RES";6070;"TÜRKAY ALTERNATÝF ENERJÝDEN ELEKTRÝK ÜRETÝM SANAYÝ VE TÝCARET ANONÝM ÞÝRKETÝ";NA;27;9,33;9;"https://www.enerjiatlasi.com/sehir/bursa/";NA;"Wind";"SERBEST ÜRETÝM ÞÝRKETÝ ";"BURSA";"OSMANGAZÝ";NA;NA;NA;"01.03.2012";"01.03.2061";2017-03-29;NA;7580;"GÜNDOÐDU RES";"S7580";NA
"40W000000007663Y";"BALABANLI RES";"EÜ/3144-4/1900";"BALABANLI RES";6022;"BALABANLI RÜZGAR ENERJÝSÝNDEN ELEKTRÝK ÜRETÝM ANONÝM ÞÝRKETÝ.";NA;196,52;62,91;61,4;"https://www.borusanenbw.com.tr/kurumsal/santraller/1/3/balabanli-res";NA;"Wind";"SERBEST ÜRETÝM ÞÝRKETÝ ";"TEKÝRDAÐ";"MERKEZ";NA;NA;NA;"31.03.2011";"31.03.2060";2017-02-10;NA;7663;"Balabanlý RES";"Balabanlý RE";NA
"40W000000007738T";"KAVAKLI RES";"EÜ/3683-5/2237";"KAVAKLI RES";6090;"BRÝZA RÜZGAR ELEKTRÝK ÜRETÝM SANAYÝ VE TÝCARET ANONÝM ÞÝRKETÝ";NA;199,72;52,17;50;"https://www.enerjiatlasi.com/ruzgar/kavakli-ruzgar-santrali-res.html";NA;"Wind";"SERBEST ÜRETÝM ÞÝRKETÝ ";"BALIKESÝR";"MERKEZ";NA;NA;NA;"09.02.2012";"09.02.2061";2014-08-21;NA;7738;"Kavaklý RES";"S7738";NA
"40W000000007818V";"ÇANTA RES";"EÜ/3382-11/2051";"ÇANTA RES";6037;"BOYDAK ENERJÝ ÜRETÝM VE TÝCARET ANONÝM ÞÝRKETÝ";NA;180;47,5;45;"http://www.boydakenerji.com.tr/uretim/tamamlanan-projeler/canta-ruzgar-elektrik-santrali";NA;"Wind";"SERBEST ÜRETÝM ÞÝRKETÝ ";"TEKÝRDAÐ";"ÇORLU";NA;NA;NA;"18.08.2011";"18.08.2060";2014-05-31;NA;7818;"ÇANTA RES";"ÇANTA RES";NA
"40W000000007879B";"GÖKRES2 RES";"EÜ/3683-3/2235";"GÖKRES2 RES";6068;"GARET ENERJÝ ÜRETÝM VE TÝCARET ANONÝM ÞÝRKETÝ";NA;129,44;35,2;35;"https://enerji.gama.com.tr/tr/varlik/gok-ii-ruzgar-enerji-santrali/";NA;"Wind";"SERBEST ÜRETÝM ÞÝRKETÝ ";"MANÝSA";"AKHÝSAR";NA;NA;NA;"09.02.2012";"09.02.2061";2014-06-20;NA;7879;"GÖKRES-2 RES";"GÖKRES-2 RES";NA
"40W0000000080589";"ÇATALCA RES";"EÜ/3433-11/2086";"ÇATALCA RES";6146;"ÇATALCA ENERJÝ ANONÝM ÞÝRKETÝ";NA;178,8;55,99;100;"https://www.sanko.com.tr/tr/sektorel-enerji-catalca-ruzgar-santrali.aspx";NA;"Wind";"SERBEST ÜRETÝM ÞÝRKETÝ ";"ÝSTANBUL";"ÇATALCA";NA;NA;NA;"29.09.2011";"29.09.2060";2019-01-11;NA;8058;"SÝLÝVRÝ RES";"S8058";NA
"40W0000000080783";"KORKMAZ RES";"EÜ/1622-14/1187";"KORKMAZ RES";6101;"AYEN ENERJÝ ANONÝM ÞTÝ.";NA;96;24,01;24;"http://www.ayen.com.tr/Tesisdetay.aspx?tesis=19";NA;"Wind";"SERBEST ÜRETÝM ÞÝRKETÝ ";"ÝZMÝR";"SEFERÝHÝSAR";NA;NA;NA;"29.05.2008";"29.05.2057";2014-08-15;NA;8078;"Korkmaz RES";"Korkmaz RES";NA
"40W000000008098Y";"KANGAL RES";"EÜ/3159-3/1906";"KANGAL RES";6078;"KANGAL ELEKTRÝK ENERJÝ ÜRETÝM VE TÝCARET ANONÝM ÞÝRKETÝ";NA;128;130,13;128;"http://www.eceturinsaat.com.tr/projeler/kangal-ruzgar-enerji-santrali";NA;"Wind";"SERBEST ÜRETÝM ÞÝRKETÝ ";"SÝVAS";"";NA;NA;NA;"12.04.2011";"12.04.2060";2017-09-22;NA;8098;"KANGAL RES";"S8098";NA
"40W000000008138B";"KIYIKÖY RES (KIRKLARELÝ)";"EÜ/1149-3/823";"KIYIKÖY RES (KIRKLARELÝ)";6096;"ALENKA ENERJÝ ÜRETÝM VE YATIRIM ANONÝM ÞÝRKETÝ";NA;107,76;29,24;28;"https://www.borusanenbw.com.tr/kurumsal/santraller/1/22/kiyikoy-res";NA;"Wind";"SERBEST ÜRETÝM ÞÝRKETÝ ";"KIRKLARELÝ";"VÝZE";NA;NA;NA;"04.04.2007";"04.04.2056";2015-03-13;NA;8138;"KIYIKÖY RES(ALENKA ENR.)";"S8138";NA
"40W0000000081585";"UMURLAR RES";"EÜ/3175-4/1912";"UMURLAR RES";6160;"ELFA ELEKTRÝK ÜRETÝM ANONÝM ÞÝRKETÝ";NA;72,6;37,7;36,4;"https://www.enerjiatlasi.com/ruzgar/dursunbey-umurlar-ruzgar-santrali.html";NA;"Wind";"SERBEST ÜRETÝM ÞÝRKETÝ ";"BALIKESÝR";"DURSUNBEY";NA;NA;NA;"21.04.2011";"21.04.2060";2017-03-05;NA;8158;"UMURLAR RÜZGAR ENERJÝ SANTRALÝ";"S8158";NA
"40W0000000082581";"ÝNCESU RES";"EÜ/3127-5/1889";"ÝNCESU RES";6075;"TAMYELÝ ENERJÝ YATIRIM ÜRETÝM VE TÝCARET ANONÝM ÞÝRKETÝ";NA;108,4;28,97;29,2;"http://www.akisenerji.com/HKate/264/Ruzgar-Enerjisi";NA;"Wind";"SERBEST ÜRETÝM ÞÝRKETÝ ";"AFYON";"DÝNAR";NA;NA;NA;"24.03.2011";"24.03.2060";2016-12-06;NA;8258;"ÝNCESU RES(TAMYELÝ)";"S8258";NA
"40W0000000083189";"ÇERÇÝKAYA RES";"EÜ/3712-4/2263";"ÇERÇÝKAYA RES";6042;"Z.T. ENERJÝ ELEKTRÝK ÜRETÝM SANAYÝ VE TÝCARET ANONÝM ÞÝRKETÝ";NA;116,22;59,52;57;"https://www.enerjiatlasi.com/ruzgar/cercikaya-res.html";NA;"Wind";"SERBEST ÜRETÝM ÞÝRKETÝ ";"HATAY";"ÝSKENDERUN";NA;NA;NA;"01.03.2012";"01.03.2061";2016-06-24;NA;8318;"ÇERÇÝKAYA RES";"S8318";NA
"40W000000008459S";"ORTAMANDIRA RES";"EÜ/3860-4/2340";"ORTAMANDIRA RES";6119;"SERÝN ENERJÝ ELEKTRÝK ÜRETÝM DAÐITIM PAZARLAMA SANAYÝ VE TÝCARET ANONÝM ÞÝRKETÝ";NA;40;15;10;"https://www.finaenerji.com/santrallerimiz/ruzgar-enerji-santralleri/";NA;"Wind";"SERBEST ÜRETÝM ÞÝRKETÝ ";"BALIKESÝR";"MERKEZ";NA;NA;NA;"06.06.2012";"06.06.2061";2015-05-08;NA;8459;"Ortamandýra";"S8459";NA
"40W000000008698A";"PÝTANE RES";"EÜ/3663-4/2224";"PÝTANE RES";6123;"BIÇAKCILAR ÇANDARLI ELEKTRÝK ÜRETÝM LÝMÝTED ÞÝRKETÝ";NA;20;5,71;4,8;"https://www.enerjiatlasi.com/ruzgar-turbini/nordex/";NA;"Wind";"SERBEST ÜRETÝM ÞÝRKETÝ ";"ÝZMÝR";"DÝKÝLÝ";NA;NA;NA;"26.01.2012";"26.01.2061";2015-02-09;NA;8698;"Pitane RES";"S8698";NA
"40W000000008780P";"HARMANLIK RES";"EÜ/4145-2/2481";"HARMANLIK RES";6072;"FUATRES ELEKTRÝK ÜRETÝM ANONÝM ÞÝRKETÝ";NA;208;63;52,8;"https://www.borusanenbw.com.tr/kurumsal/santraller/1/4/harmanlik-res";NA;"Wind";"SERBEST ÜRETÝM ÞÝRKETÝ ";"BURSA";"KARACABEY";NA;NA;NA;"06.12.2012";"06.12.2061";2015-04-11;NA;8780;"Harmanlýk RES";"S8780";NA
"40W000000009041L";"ÇEÞME RES";"EÜ/2461-6/1600";"ÇEÞME RES";6044;"ABK ÇEÞME R.E.S ENERJÝ, ELEKRÝK ÜRETÝM ANONÝM ÞÝRKETÝ";NA;53,96;23,58;18;"http://www.eksim.com.tr/tr/sektorler/ruzgar-enerjisi-santralleri";NA;"Wind";"SERBEST ÜRETÝM ÞÝRKETÝ ";"ÝZMÝR";"ÇEÞME";NA;NA;NA;"11.03.2010";"29.05.2057";2015-05-22;NA;9041;"Çeþme Res";"S9041";NA
"40W0000000090819";"BAÐARASI RES";"EÜ/3382-13/2053";"BAÐARASI RES";6020;"KÜTLE ENERJÝ YAT. ÜR. VE TÝCARET ANONÝM ÞÝRKETÝ";NA;184;53;48;"http://www.erdem.com.tr/tr/sirket-detay/kutle-enerji-yatirim-uretim-ve-ticaret-as-10";NA;"Wind";"SERBEST ÜRETÝM ÞÝRKETÝ ";"AYDIN";"KOÇARLI";NA;NA;NA;"18.08.2011";"18.08.2060";2015-09-29;NA;9081;"BAÐARASI RES";"S9081";NA
"40W0000000090827";"ÖDEMÝÞ RES";"EÜ/3191-6/1922";"ÖDEMÝÞ RES";6118;"TAYF ENERJÝ YATIRIM ÜRETÝM VE TÝCARET ANONÝM ÞÝRKETÝ";NA;83,3;42,8;42;"http://www.erdem.com.tr/tr/sirket-detay/tayf-enerji-yatirim-uretim-ve-ticaret-as-13";NA;"Wind";"SERBEST ÜRETÝM ÞÝRKETÝ ";"ÝZMÝR";"TÝRE";NA;NA;NA;"28.04.2011";"28.04.2060";2019-02-02;NA;9082;"Ödemiþ RES";"S9082";NA
"40W0000000090835";"KORU RES";"EÜ/3570-2/2179";"KORU RES";6102;"FUATRES ELEKTRÝK ÜRETÝM ANONÝM ÞÝRKETÝ";NA;174,52;58,32;52,8;"https://www.borusanenbw.com.tr/kurumsal/santraller/1/5/koru-res";NA;"Wind";"SERBEST ÜRETÝM ÞÝRKETÝ ";"ÇANAKKALE";"LAPSEKÝ";NA;NA;NA;"22.12.2011";"22.12.2060";2015-04-22;NA;9083;"KORU RES";"KORU RES";NA
"40W000000009201P";"KIYIKÖY RES (TEKÝRDAÐ)";"EÜ/3749-4/2300";"KIYIKÖY RES (TEKÝRDAÐ)";6097;"BEÞÝKTEPE ÜRETÝM VE TÝCARET LÝMÝTED ÞÝRKETÝ";NA;114,48;44;44;"https://www.enerjiatlasi.com/ruzgar/tekirdag-kiyikoy-res.html";NA;"Wind";"SERBEST ÜRETÝM ÞÝRKETÝ ";"TEKÝRDAÐ";"SARAY";NA;NA;NA;"28.03.2012";"28.03.2061";2015-08-13;NA;9201;"KIYIKÖY RES(BEÞÝKTEPE ENR.)";"S9201";NA
"40W000000009221J";"MUT RES";"EÜ/4325-23/02591";"MUT RES";6117;"FUATRES ELEKTRÝK ÜRETÝM ANONÝM ÞÝRKETÝ";NA;192;56;52,8;"https://www.borusanenbw.com.tr/kurumsal/santraller/1/5/koru-res";NA;"Wind";"SERBEST ÜRETÝM ÞÝRKETÝ ";"KARAMAN";"MERKEZ";NA;NA;NA;"27.03.2013";"26.03.2062";2015-05-22;NA;9221;"MUT RES";"MUT RES";NA
"40W000000009381Y";"DÝLEK RES";"EÜ/3061-2/1808";"DÝLEK RES";6050;"KALE ENERJÝ ÜRETÝM TÝCARET VE SANAYÝ A.Þ.";NA;42;28;27,5;"http://kaleenerji.com.tr/projelerimiz/67-dilek-ruzgar-enerjisi-santrali.html";NA;"Wind";"SERBEST ÜRETÝM ÞÝRKETÝ ";"KAHRAMANMARAÞ";"ANDIRIN";NA;NA;NA;"01.02.2011";"01.02.2060";2018-10-25;NA;9381;"DÝLEK RES";"DÝLEK RES";NA
"40W0000000094059";"SÜLOÐLU RES";"EÜ/3118-7/1873";"SÜLOÐLU RES";6153;"STEAG RÜZGAR SÜLOÐLU ENERJÝ ÜRETÝM VE TÝCARET ANONÝM ÞÝRKETÝ.";NA;122,02;61,16;60;"https://www.enerjiatlasi.com/ruzgar/suloglu-res.html";NA;"Wind";"SERBEST ÜRETÝM ÞÝRKETÝ ";"EDÝRNE";"LALAPAÞA";NA;NA;NA;"16.03.2011";"16.03.2060";2015-09-18;NA;9405;"SÜLOÐLU RES";"SÜLOÐLU RES";NA
"40W000000009501D";"HÝLAL2 RES";"EÜ/3749-3/2299";"HÝLAL2 RES";6074;"SANKO RÜZGAR ENERJÝSÝ SANAYÝ VE TÝCARET ANONÝM ÞÝRKETÝ";NA;38,68;9,74;7;"http://www.sankoenerji.com/tr/p/santrallerimiz-ve-projelerimiz/id/hilal-ruzgar-santrali-8";NA;"Wind";"SERBEST ÜRETÝM ÞÝRKETÝ ";"KARAMAN";"MERKEZ";NA;NA;NA;"28.03.2012";"28.03.2061";2015-10-23;NA;9501;"HÝLAL-2 RES";"S9501";NA
"40W0000000095217";"SUAY AKBÜK RES";"EÜ/3301-12/1992";"SUAY AKBÜK RES";6152;"SUAY EN. SANAYÝ VE TÝCARET ANONÝM ÞÝRKETÝ";NA;40,08;24,47;21,6;"https://www.suay.com.tr/santrallerimiz";NA;"Wind";"SERBEST ÜRETÝM ÞÝRKETÝ ";"AYDIN";"DÝDÝM";NA;NA;NA;"05.07.2011";"05.07.2060";2019-01-24;NA;9521;"AKBÜK RES(SUAY ENR.)";"S9521";NA
"40W0000000095225";"ADARES RES";"EÜ/3210-13/1950";"ADARES RES";6002;"YGT ELEKTRÝK ÜRETÝM ANONÝM ÞÝRKETÝ";NA;32;10;22;"http://www.bgenerji.com.tr/tr/projelerimiz/adares-ruzgar-enerji-santrali";NA;"Wind";"SERBEST ÜRETÝM ÞÝRKETÝ ";"ÝZMÝR";"SELÇUK";NA;NA;NA;"12.05.2011";"12.05.2060";2015-10-10;NA;9522;"ADARES RES(YGT ELK.ÜRT.A.Þ.))";"S9522";NA
"40W000000009556P";"BÝGA RES";"EÜ/3446-4/2090";"BÝGA RES";6032;"ÝÇDAÞ ÇELÝK ENERJÝ TERSANE VE ULAÞIM SANAYÝ ANONÝM ÞÝRKETÝ";NA;226,88;60;60;"https://www.icdasenerji.com/pages/2/2/f/tr-TR/icdas_Biga_Res.aspx";NA;"Wind";"SERBEST ÜRETÝM ÞÝRKETÝ ";"ÇANAKKALE";"BÝGA";NA;NA;NA;"06.10.2011";"06.10.2060";2016-01-22;NA;9556;"Ýçdaþ Biga RES";"Ýçdaþ Biga R";NA
"40W000000009562U";"POYRAZGÖLÜ RES";"EÜ/3382-12/2052";"POYRAZGÖLÜ RES";6124;"UFUK ENERJÝ ELEKTRÝK ÜRETÝM ANONÝM ÞÝRKETÝ";NA;120;50;48,5;"http://www.demirer.com.tr/santral/poyrazgolu/index.html";NA;"Wind";"SERBEST ÜRETÝM ÞÝRKETÝ ";"BALIKESÝR";"KEPSUT";NA;NA;NA;"18.08.2011";"18.08.2060";2018-09-21;NA;9562;"POYRAZGÖLÜ RES(UFUK ENR.)";"S9562";NA
"40W000000009581Q";"EGE RES";"EÜ/3553-12/2178";"EGE RES";6055;"MELTEM ENERJÝ ELEKTRÝK ÜRETÝM ANONÝM ÞÝRKETÝ";NA;18,58;9,37;7;"https://www.polat.com/enerji/meltem-enerji/ege-ges";NA;"Wind";"SERBEST ÜRETÝM ÞÝRKETÝ ";"ÝZMÝR";"KEMALPAÞA";NA;NA;NA;"20.12.2011";"20.12.2060";2015-10-16;NA;9581;"EGE RES";"S9581";NA
"40W000000009582O";"YALOVA RES";"EÜ/3301-11/1991";"YALOVA RES";6166;"AROVA RES ELEKTRÝK ÜRETÝM ANONÝM ÞÝRKETÝ";NA;80;54,62;54;"https://www.bereketenerjigrubu.com/tr/yenilenebilir-uretim/ruzgar#";NA;"Wind";"SERBEST ÜRETÝM ÞÝRKETÝ ";"YALOVA";"ARMUTLU";NA;NA;NA;"08.07.2008";"08.07.2057";2017-05-12;NA;9582;"YALOVA RES";"S9582";NA
"40W000000009583M";"SÖKE RES";"EÜ/3619-2/2202";"SÖKE RES";6148;"SÖKE RÜZGAR ENERJÝSÝNDEN ELEKTRÝK ÜRETÝM ANONÝM ÞÝRKETÝ";NA;177,2;45;45;"https://www.bereketenerjigrubu.com/tr/yenilenebilir-uretim/ruzgar#";NA;"Wind";"SERBEST ÜRETÝM ÞÝRKETÝ ";"AYDIN";"SÖKE";NA;NA;NA;"04.01.2012";"04.01.2061";2015-12-14;NA;9583;"SÖKE RES";"S9583";NA
"40W000000009624Y";"ADA2 RES";"EÜ/3482-4/2124";"ADA2 RES";6001;"ESÝT ENERJÝ ANONÝM ÞÝRKETÝ";NA;10,58;4,62;3,2;"https://www.enerjiatlasi.com/ruzgar/";NA;"Wind";"SERBEST ÜRETÝM ÞÝRKETÝ ";"BALIKESÝR";"MARMARA";NA;NA;NA;"01.11.2011";"01.11.2060";2015-10-21;NA;9624;"ADA-2 RES";"S9624";NA
"40W000000009643U";"KANÝJE RES";"EÜ/3071-35/1826";"KANÝJE RES";6079;"DERNE TEMÝZ ENERJÝ ÜRETÝM ANONÝM ÞÝRKETÝ";NA;65;65;64;"http://www.guris.com.tr/TR,699/kanije-res-64-mw.html";NA;"Wind";"SERBEST ÜRETÝM ÞÝRKETÝ ";"EDÝRNE";"UZUNKÖPRÜ";NA;NA;NA;"09.02.2011";"09.02.2060";2016-03-04;NA;9643;"KANÝJE RES";"S9643";NA
"40W000000009644S";"FUATRES RES";"EÜ/3703-17/2256";"FUATRES RES";6060;"FUATRES ELEKTRÝK ÜRETÝM ANONÝM ÞÝRKETÝ";NA;124;34;33;"https://www.borusanenbw.com.tr/kurumsal/santraller/1/5/koru-res";NA;"Wind";"SERBEST ÜRETÝM ÞÝRKETÝ ";"ÝZMÝR";"KEMALPAÞA";NA;NA;NA;"23.02.2012";"23.02.2061";2016-11-05;NA;9644;"Fuatres RES";"Fuatres RES";NA
"40W0000000097031";"KURTKAYASI RES";"EÜ/3417-3/2066";"KURTKAYASI RES";6106;"ARE ELEKTRÝK ÜRETÝM TÝCARET VE SANAYÝ ANONÝM ÞÝRKETÝ";NA;110,12;45,58;45;"https://www.enerjiatlasi.com/ruzgar/kurtkaya-res.html";NA;"Wind";"SERBEST ÜRETÝM ÞÝRKETÝ ";"KAYSERÝ";"";NA;NA;NA;"15.09.2011";"15.09.2060";2016-01-29;NA;9703;"Kurtkayasý Rüzgar Enerji Santrali";"S9703";NA
"40W000000009763K";"AKBÜK2 RES";"EÜ/3640-1/2207";"AKBÜK2 RES";6004;"AYEN ENERJÝ ANONÝM ÞTÝ.";NA;72;24;20;"http://www.ayen.com.tr/Tesisdetay.aspx?tesis=20";NA;"Wind";"SERBEST ÜRETÝM ÞÝRKETÝ ";"MUÐLA";"MÝLAS";NA;NA;NA;"12.01.2012";"12.01.2061";2016-02-12;NA;9763;"AKBÜK II RES";"AKBÜK II RES";NA
"40W000000009841Q";"SÝNCÝK RES";"EÜ/5776-16/03345";"SÝNCÝK RES";6147;"SÝNCÝK RÜZGAR ELEKTRÝK ÜRETÝM ANONÝM ÞÝRKETÝ";NA;76,48;25;27,5;"http://www.tektug.com/tr/green-projects/sincik.php";NA;"Wind";"SERBEST ÜRETÝM ÞÝRKETÝ ";"ADIYAMAN";"SÝNCÝK";NA;NA;NA;"10.09.2015";"02.12.2059";NA;NA;9841;"SÝNCÝKRES";"SÝNCÝKRES";NA
"40W000000009921S";"ULUBORLU RES";"EÜ/3034-11/1792";"ULUBORLU RES";6159;"KAVRAM ENERJÝ YAT. ÜR. VE TÝCARET ANONÝM ÞÝRKETÝ";NA;230,88;60;60;"https://www.finaenerji.com/santrallerimiz/ruzgar-enerji-santralleri/";NA;"Wind";"SERBEST ÜRETÝM ÞÝRKETÝ ";"ISPARTA";"ULUBORLU";NA;NA;NA;"19.01.2011";"19.01.2060";2016-04-01;NA;9921;"ULUBORLU RES";"ULUBORLU RES";NA
"40W000000009922Q";"YAYLAKÖY RES";"EÜ/1622-1/1174";"YAYLAKÖY RES";6167;"YAYLAKÖY RES ELEKTRÝK ÜRETÝM ANONÝM ÞÝRKETÝ";NA;55,76;16,88;15;"http://www.karesienerji.com.tr/Yeni/Istirakcilerimiz.aspx";NA;"Wind";"SERBEST ÜRETÝM ÞÝRKETÝ ";"ÝZMÝR";"KARABURUN";NA;NA;NA;"29.05.2008";"29.05.2057";2016-03-25;NA;9922;"YAYLAKÖY RES";"YAYLAKÖY RES";NA
"40W000000010013S";"GERMÝYAN RES";"EÜ/1622-7/1180";"GERMÝYAN RES";6064;"EGENDA EGE ENERJÝ ÜRETÝM A.Þ.";NA;43,2;16;10,8;"http://www.karesienerji.com.tr/Yeni/Istirakcilerimiz.aspx";NA;"Wind";"SERBEST ÜRETÝM ÞÝRKETÝ ";"ÝZMÝR";"KONAK";NA;NA;NA;"29.05.2008";"29.05.2057";2016-05-06;NA;10013;"GERMÝYAN RES";"GERMÝYAN RES";NA
"40W000000010041N";"ÇATALTEPE RES ÝSTANBUL";"EÜ/3619-1/2201";"ÇATALTEPE RES ÝSTANBUL";6041;"SÜPER ELEKTRÝK ÜRETÝM ANONÝM ÞÝRKETÝ";NA;48;13,41;10;"https://www.enerjiatlasi.com/ruzgar/cataltepe-res.html";NA;"Wind";"SERBEST ÜRETÝM ÞÝRKETÝ ";"ÝSTANBUL";"ÇATALCA";NA;NA;NA;"04.01.2012";"04.01.2061";2016-05-20;NA;10041;"ÇATALTEPE RES(SÜPER ELK.)";"ÇATELTEPE RE";NA
"40W000000010062F";"SARITEPE RES";"EÜ/2650-3/1648";"SARITEPE RES";6136;"ZORLU RÜZGAR ENERJÝSÝ ELEKTRÝK ÜRETÝMÝ ANONÝM ÞÝRKETÝ";NA;114;57;50;"https://www.enerjiatlasi.com/ruzgar/saritepe-res.html";NA;"Wind";"SERBEST ÜRETÝM ÞÝRKETÝ ";"OSMANÝYE";"BAHÇE";NA;NA;NA;"08.05.2008";"08.05.2057";2016-06-17;NA;10062;"SARITEPE RES";"SARITEPE RES";NA
"40W000000010064B";"ALAÇATI RES";"EÜ/7940/03964";"ALAÇATI RES";6010;"ELEKTRÝK ÜRETÝM ANONÝM ÞÝRKETÝ (EÜAÞ)";NA;23,32;23,32;16;"http://www.karesienerji.com.tr/Yeni/Istirakcilerimiz.aspx";NA;"Wind";"SERBEST ÜRETÝM ÞÝRKETÝ ";"ÝZMÝR";"ÇEÞME";NA;NA;NA;"12.06.2018";"12.06.2067";NA;NA;10064;"ALAÇATI RES(EGENDA EGE ENR.)";"ALAÇATI RÜZG";NA
"40W000000010081B";"URLA ENDA RES";"EÜ/1622-6/1179";"URLA ENDA RES";6161;"EGENDA EGE ENERJÝ ÜRETÝM A.Þ.";NA;52;13,8;13;"http://www.karesienerji.com.tr/Yeni/Istirakcilerimiz.aspx";NA;"Wind";"SERBEST ÜRETÝM ÞÝRKETÝ ";"ÝZMÝR";"URLA";NA;NA;NA;"29.05.2008";"29.05.2057";2016-05-27;NA;10081;"URLA RES";"URLA RES";NA
"40W0000000100829";"DEMÝRCÝLER RES";"EÜ/2650-4/1649";"DEMÝRCÝLER RES";6048;"ZORLU RÜZGAR ENERJÝSÝ ELEKTRÝK ÜRETÝMÝ ANONÝM ÞÝRKETÝ";NA;46;23;23,3;"https://www.enerjiatlasi.com/ruzgar/demirciler-res.html";NA;"Wind";"SERBEST ÜRETÝM ÞÝRKETÝ ";"GAZÝANTEP";"";NA;NA;NA;"15.07.2010";"15.07.2059";2016-07-22;NA;10082;"DEMÝRCÝLER RES(ZORLU RZG.)";"DEMÝRCÝLER R";NA
"40W000000010102T";"AMASYA RES";"EÜ/3053-8/1802";"AMASYA RES";6015;"ÞEHZADE ENERJÝ ÜRETÝM TÝCARET SANAYÝ ANONÝM ÞÝRKETÝ";NA;84;42;42;"https://www.enerjiatlasi.com/ruzgar/amasya-ruzgar-enerji-santrali.html";NA;"Wind";"SERBEST ÜRETÝM ÞÝRKETÝ ";"AMASYA";"MERKEZ";NA;NA;NA;"26.01.2011";"26.01.2060";2016-05-30;NA;10102;"AMASYA RES";"AMASYA RES";NA
"40W000000010141J";"ZÝNCÝRLÝ RES";"EÜ/3519-7/2158";"ZÝNCÝRLÝ RES";6174;"REA ELEKTRÝK ÜRETÝM TÝCARET VE SANAYÝ LÝMÝTED ÞÝRKETÝ";NA;42,52;12,97;12;"https://www.enerjiatlasi.com/ruzgar/zincirli-res.html";NA;"Wind";"SERBEST ÜRETÝM ÞÝRKETÝ ";"KAYSERÝ";"YAHYALI";NA;NA;NA;"21.04.2011";"21.04.2060";2016-06-24;NA;10141;"ZÝNCÝRLÝ RES";"ZÝNCÝRLÝ RES";NA
"40W0000000101639";"MORDOÐAN EGENDA RES";"EÜ/1622-8/1181";"MORDOÐAN EGENDA RES";6116;"EGENDA EGE ENERJÝ ÜRETÝM A.Þ.";NA;55,2;15,51;13,8;"http://www.karesienerji.com.tr/Yeni/Istirakcilerimiz.aspx";NA;"Wind";"SERBEST ÜRETÝM ÞÝRKETÝ ";"ÝZMÝR";"KARABURUN";NA;NA;NA;"29.05.2008";"29.05.2057";2016-06-24;NA;10163;"MORDOÐAN RES(EGENDA EGE ENR.)";"MORRES";NA
"40W000000010241F";"ZELÝHA RES";"EÜ/3597-4/2199";"ZELÝHA RES";6172;"DERNE TEMÝZ ENERJÝ ÜRETÝM ANONÝM ÞÝRKETÝ";NA;50,88;29;25,6;"http://www.guris.com.tr/TR,700/zeliha-res-256-mw.html";NA;"Wind";"SERBEST ÜRETÝM ÞÝRKETÝ ";"KIRKLARELÝ";"MERKEZ";NA;NA;NA;"28.12.2011";"28.12.2060";2016-07-04;NA;10241;"ZELÝHA RES";"ZELÝHA RES";NA
"40W000000010301N";"BEREKETLÝ RES";"EÜ/3118-8/1874";"BEREKETLÝ RES";6029;"BEREKETLÝ ELEKTRÝK ENERJÝ ÜRETÝM VETÝC. A.Þ.";NA;59,96;32;32;"https://www.kinesisenerji.com/index.php/contents/energies/47";NA;"Wind";"SERBEST ÜRETÝM ÞÝRKETÝ ";"TOKAT";"REÞADÝYE";NA;NA;NA;"16.03.2011";"16.03.2060";2016-07-29;NA;10301;"BEREKETLÝ RES";"BEREKETLÝ RE";NA
"40W000000010341B";"KARADAÐ OKMAN RES";"EÜ/1622-10/1183";"KARADAÐ OKMAN RES";6085;"OKMAN ENERJÝ ELEKTRÝK ÜRETÝM VE YATIRIM A.Þ.";NA;70,8;19,47;16,25;"https://www.enerjiatlasi.com/ruzgar/karadag-ruzgar-santrali.html";NA;"Wind";"SERBEST ÜRETÝM ÞÝRKETÝ ";"ÝZMÝR";"ÇEÞME";NA;NA;NA;"29.05.2008";"29.05.2057";2016-07-30;NA;10341;"KARADAÐ RES";"KARADAÐ RES";NA
"40W000000010403F";"OVA RES";"EÜ/4729-1/02637";"OVA RES";6120;"AYRES ELEKTRÝK ÜRETÝM ANONÝM ÞÝRKETÝ";NA;42,12;15,25;18;"https://www.kar-demir.com.tr/sayfa/ova-res";NA;"Wind";"SERBEST ÜRETÝM ÞÝRKETÝ ";"AYDIN";"KÖÞK";NA;NA;NA;"28.11.2013";"17.04.2061";2016-08-26;NA;10403;"AYRES_OVARES";"AYRES_OVARES";NA
"40W000000010421D";"KARAÇAYIR RES ";"EÜ/3272-1/1978";"KARAÇAYIR RES ";6083;"MURSAL ENERJÝ ÜRETÝM SANAYÝ VE TÝCARET ANONÝM ÞÝRKETÝ";NA;20;10;10;"http://mursalenerji.csglobal.com.tr/";NA;"Wind";"SERBEST ÜRETÝM ÞÝRKETÝ ";"SÝVAS";"MERKEZ";NA;NA;NA;"14.06.2011";"14.06.2060";2017-09-27;NA;10421;"KARAÇAYIR RES-MURSAL";"KARAÇAYIR";NA
"40W0000000104247";"AKYURT RES";"EÜ/3584-23/2194";"AKYURT RES";6009;"AKYURT RÜZGAR ENERJÝ ÜRETÝM VE TÝCARET ANONÝM ÞÝRKETÝ";NA;25,6;12,82;14,7;"http://www.eceturinsaat.com.tr/projeler/14-mw-akyurt-ruzgar-enerji-santrali";NA;"Wind";"SERBEST ÜRETÝM ÞÝRKETÝ ";"TOKAT";"MERKEZ";NA;NA;NA;"27.12.2011";"27.12.2060";2016-09-09;NA;10424;"AKYURT RES";"AKYURT RES";NA
"40W0000000104425";"YAHYALI BAK RES";"EÜ/3409-2/2061";"YAHYALI BAK RES";6164;"BAK ENERJÝ ÜRETÝMÝ ANONÝM ÞÝRKETÝ";NA;163,84;89;82,5;"http://www.bgenerji.com.tr/tr/projelerimiz/yahyali-ruzgar-enerji-santrali";NA;"Wind";"SERBEST ÜRETÝM ÞÝRKETÝ ";"KAYSERÝ";"YAHYALI";NA;NA;NA;"07.09.2011";"07.09.2060";2017-02-23;NA;10442;"YAHYALI RES(BAK)";"YAHYALI-2 RE";NA
"40W0000000104611";"ELMALI RES";"EÜ/3721-1/2269";"ELMALI RES";6056;"ELMALI ENERJÝ ÜRETÝM ANONÝM ÞÝRKETÝ";NA;108,2;32,32;27;"https://www.enerjiatlasi.com/ruzgar/elmali-res.html";NA;"Wind";"SERBEST ÜRETÝM ÞÝRKETÝ ";"MERSÝN";"SÝLÝFKE";NA;NA;NA;"06.07.2011";"06.07.2060";2018-03-01;NA;10461;"ELMALI RES";"ELMALI RES";NA
"40W000000010501F";"KIRKAÐAÇ RES";"EÜ/5843-15/03374";"KIRKAÐAÇ RES";6095;"GARET ENERJÝ ÜRETÝM VE TÝCARET ANONÝM ÞÝRKETÝ";NA;136,8;47,62;45;"https://enerji.gama.com.tr/tr/varlik/kirkagac-ruzgar-enerji-santrali/";NA;"Wind";"SERBEST ÜRETÝM ÞÝRKETÝ ";"MANÝSA";"KIRKAÐAÇ";NA;NA;NA;"28.10.2015";"05.01.2061";2017-01-27;NA;10501;"KIRKAÐAÇ RES";"KIRKAÐAÇ RES";NA
"40W000000010502D";"KONAKPINAR RES";"EÜ/3424-5/2071";"KONAKPINAR RES";6100;"AKYURT RÜZGAR ENERJÝ ÜRETÝM VE TÝCARET ANONÝM ÞÝRKETÝ";NA;24;12,19;12;"http://adoenerji.csglobal.com.tr/tr/konakpinar-res";NA;"Wind";"SERBEST ÜRETÝM ÞÝRKETÝ ";"SÝVAS";"GÜRÜN";NA;NA;NA;"19.09.2011";"19.09.2060";2017-09-28;NA;10502;"KONAKPINAR RES";"KONAKPINAR R";NA
"40W0000000105243";"SEFERÝHÝSAR EKSÝM RES";"EÜ/1904-54/1362";"SEFERÝHÝSAR EKSÝM RES";6140;"SEFERÝHÝSAR ENERJÝ A.Þ.";NA;48;21,92;16;"http://www.eksim.com.tr/tr/sektorler/ruzgar-enerjisi-santralleri";NA;"Wind";"SERBEST ÜRETÝM ÞÝRKETÝ ";"ÝZMÝR";"";NA;NA;NA;"25.12.2008";"24.07.2057";2018-02-09;NA;10524;"SEFERÝHÝSAR RÜZ. ES";"SEFERÝHÝSAR ";NA
"40W0000000105413";"KARABEL RES";"EÜ/3703-16/2255";"KARABEL RES";6081;"EGENER ELEKTRÝK ÜRETM VE MAKÝNE SAN.TÝC.A.Þ.";NA;5,98;2,99;3,4;"http://karabelres.com/Default/KarabelRes";NA;"Wind";"SERBEST ÜRETÝM ÞÝRKETÝ ";"ÝZMÝR";"KEMALPAÞA";NA;NA;NA;"23.02.2012";"23.02.2061";2016-10-06;NA;10541;"KARABEL RES";"KARABEL RES";NA
"40W000000010563U";"URLA HASSAS RES";"EÜ/1622-11/1184";"URLA HASSAS RES";6162;"HASSAS TEKNÝK ENERJÝ ELEKTRÝK ÜRETÝM SANAYÝ VE TÝCARET ANONÝM ÞÝRKETÝ";NA;60;15,64;18;"http://www.sancakenerji.com.tr/tr/Tesis/2/Urla-RES";NA;"Wind";"SERBEST ÜRETÝM ÞÝRKETÝ ";"ÝZMÝR";"URLA";NA;NA;NA;"29.05.2008";"29.05.2057";2016-10-20;NA;10563;"HASSAS TEKNÝK-URLA RES";"HASSAS TEKNÝ";NA
"40W000000010584M";"FATMA RES";"EÜ/3433-9/2084";"FATMA RES";6059;"DERNE TEMÝZ ENERJÝ ÜRETÝM ANONÝM ÞÝRKETÝ";NA;149,8;89;80;"http://www.guris.com.tr/TR,701/fatma-res-80-mw.html";NA;"Wind";"SERBEST ÜRETÝM ÞÝRKETÝ ";"MUÐLA";"MERKEZ";NA;NA;NA;"29.09.2011";"29.09.2060";2017-03-03;NA;10584;"FATMA RES";"FATMA RES";NA
"40W000000010587G";"KARACABEY RES";"EÜ/5863-13/03384";"KARACABEY RES";6082;"YALOVA RÜZGAR ENERJÝSÝNDEN ELEKTRÝK ÜRETÝM ANONÝM ÞÝRKETÝ";NA;99,92;27,9;27,9;"https://www.bereketenerjigrubu.com/tr/yenilenebilir-uretim/ruzgar#";NA;"Wind";"SERBEST ÜRETÝM ÞÝRKETÝ ";"BURSA";"KARACABEY";NA;NA;NA;"12.11.2015";"12.11.2064";2017-03-16;NA;10587;"KARACABEY RES";"KARACABEY RE";NA
"40W000000010589C";"SARPINCIK RES";"EÜ/1622-15/1188";"SARPINCIK RES";6137;"ÇALIK RÜZGAR ENERJÝSÝ ELEKTRÝK ÜRETÝM ANONÝM ÞÝRKETÝ";NA;92;32,57;32;"http://calikenerji.com/Pages/ProjectDetail.aspx?ID=8";NA;"Wind";"SERBEST ÜRETÝM ÞÝRKETÝ ";"ÝZMÝR";"KARABURUN";NA;NA;NA;"29.05.2008";"29.05.2057";2019-02-21;NA;10589;"SARPINCIK RES";"SARPINCIK RE";NA
"40W0000000106215";"KINIK RES";"EÜ/3721-8/2272";"KINIK RES";6094;"ESÝNTÝ ENERJÝ ÜRETÝMTÝC. VE SAN A.Þ.";NA;198,36;54,18;50;"https://www.enerjiatlasi.com/ruzgar/kinik-ruzgar-santrali.html";NA;"Wind";"SERBEST ÜRETÝM ÞÝRKETÝ ";"ÝZMÝR";"BERGAMA";NA;NA;NA;"08.03.2012";"08.03.2061";2018-05-10;NA;10621;"KINIK RES(ESÝNTÝ)";"KINIK RES(ES";NA
"40W000000010902Y";"AÝRRES-4";"EÜ/3749-2/2298";"AÝRRES-4";6003;"AÝRRES ELEKTRÝK ÜRETÝM SANAYÝ VE TÝCARET ANONÝM ÞÝRKETÝ";NA;118,34;60,62;55;"http://acarsoyenerji.com.tr/airres/main_airres.php";NA;"Wind";"SERBEST ÜRETÝM ÞÝRKETÝ ";"KIRKLARELÝ";"VÝZE";NA;NA;NA;"28.03.2012";"28.03.2061";2017-02-17;NA;10902;"AÝRRES-4 RES";"AÝRRES-4 RES";NA
"40W000000010903W";"BERGRES RES";"EÜ/3683-7/2239";"BERGRES RES";6031;"BERGRES ELEKTRÝK ÜRETÝM ANONÝM ÞÝRKETÝ";NA;130;72;69,95;"http://www.dostenerji.com/tr/santraller/bergres-res/";NA;"Wind";"SERBEST ÜRETÝM ÞÝRKETÝ ";"ÝZMÝR";"BERGAMA";NA;NA;NA;"09.02.2012";"09.02.2061";2017-04-20;NA;10903;"BERGRES RES";"BERGRES RES";NA
"40W000000010942M";"BARBAROS RES";"EÜ/3898-3/2361";"BARBAROS RES";6026;"VERÝM ENERJÝ YATIRIM ÜRETÝM TÝCARET ANONÝM ÞÝRKETÝ";NA;24,2;14,24;12;"http://www.turkerler.com/proje/barbaros-res/43";NA;"Wind";"SERBEST ÜRETÝM ÞÝRKETÝ ";"TEKÝRDAÐ";"ÞARKÖY";NA;NA;NA;"28.06.2012";"28.06.2061";2017-02-03;NA;10942;"BARBAROS RES";"BARBAROS RES";NA
"40W000000010962G";"PETKÝM RES";"EÜ/4991-9/02971";"PETKÝM RES";6122;"PETKÝM PETROKÝMYA HOLDÝNG ANONÝM ÞÝRKETÝ";NA;54;41;25;"http://www.petkim.com.tr/Sayfa/1/1789/PETKIM-RES.aspx";NA;"Wind";"SERBEST ÜRETÝM ÞÝRKETÝ ";"ÝZMÝR";"ALÝAÐA";NA;NA;NA;"01.05.2014";"01.02.2060";2017-03-25;NA;10962;"PETKÝM RES";"PETKÝM RES";NA
"40W000000011023K";"KARTALDAÐI RES";"EÜ/3201-22/1937";"KARTALDAÐI RES";6089;"EFÝL ENERJÝ ÜRETÝM TÝCARET VE SANAYÝ ANONÝM ÞÝRKETÝ";NA;63;73,35;65,55;"https://www.borusanenbw.com.tr/kurumsal/santraller/1/8/kartaldagi-res";NA;"Wind";"SERBEST ÜRETÝM ÞÝRKETÝ ";"GAZÝANTEP";"";NA;NA;NA;"04.05.2011";"04.05.2060";2017-03-03;NA;11023;"KARTALDAÐI RES";"KARTALDAÐI R";NA
"40W000000011142C";"TÝRE RES";"EÜ/4817-12/02655";"TÝRE RES";6157;"DÜZHAN ENERJÝ YATIRIM ÜRETÝM VE TÝCARET ANONÝM ÞÝRKETÝ";NA;50;50,9;50;"http://www.turkerler.com/proje/tire-res/44";NA;"Wind";"SERBEST ÜRETÝM ÞÝRKETÝ ";"ÝZMÝR";"TÝRE";NA;NA;NA;"09.01.2014";"07.02.2060";2018-01-12;NA;11142;"TÝRE RES";"TÝRE RES";NA
"40W0000000115052";"ATÝK RES";"EÜ/7167-14/03700";"ATÝK RES";6018;"GÜRÝÞ ÝNÞAAT VE MÜHENDÝSLÝK ANONÝM ÞÝRKETÝ";NA;36;23;30;"http://www.guris.com.tr/TR,2365/atik-res.html";NA;"Wind";"SERBEST ÜRETÝM ÞÝRKETÝ ";"HATAY";"BELEN";NA;NA;NA;"07.07.2017";"13.03.2057";2013-09-13;NA;11505;"ATÝK RES (GÜRÝÞ)";"ATÝK RES (GÜ";NA
"40W000000011524Z";"ESENKÖY RES";"EÜ/6237-13/03493";"ESENKÖY RES";6058;"MARMARARES ELEKTRÝK ÜRETÝM ANONÝM ÞÝRKETÝ";NA;68,6;39,63;30,45;"https://www.enerjiatlasi.com/ruzgar/manastir-esenkoy-ruzgar-santrali.html";NA;"Wind";"SERBEST ÜRETÝM ÞÝRKETÝ ";"YALOVA";"ÇINARCIK";NA;NA;NA;"27.04.2016";"08.11.2060";2017-10-13;NA;11524;"MANASTIR-ESENKÖY RES";"MANASTIR-ESE";NA
"40W000000011525X";"KÜREKDAÐI RES";"EÜ/6619-4/03604";"KÜREKDAÐI RES";6104;"BAKIR ENERJÝ ELEKTRÝK ÜRETÝM ANONÝM ÞÝRKETÝ";NA;64,2;36;32,5;"https://www.enerjiatlasi.com/ruzgar/kurek-dagi-res.html";NA;"Wind";"SERBEST ÜRETÝM ÞÝRKETÝ ";"BURSA";"GEMLÝK";NA;NA;NA;"23.11.2016";"23.11.2065";2017-10-14;NA;11525;"KÜREKDAÐI RES";"KÜREKDAÐI RE";NA
"40W000000011549J";"KAROVA RES";"EÜ/3382-9/2049";"KAROVA RES";6088;"BORARES ENERJÝ ELEKTRÝK ÜRETÝM ANONÝM ÞÝRKETÝ";NA;30;30,51;30,15;"https://www.finaenerji.com/santrallerimiz/ruzgar-enerji-santralleri/";NA;"Wind";"SERBEST ÜRETÝM ÞÝRKETÝ ";"MUÐLA";"BODRUM";NA;NA;NA;"18.08.2011";"18.08.2060";2017-10-13;NA;11549;"KAROVA RES";"KAROVA RES";NA
"40W000000011627P";"GERÝÞ RES";"EÜ/3680-3/2232";"GERÝÞ RES";6063;"RÜZGAR ELEKTRÝK ÜRETÝM ANONÝM ÞÝRKETÝ";NA;11,1999998092651;12,61;22;"https://www.enerjiatlasi.com/sehir/mugla/";NA;"Wind";"SERBEST ÜRETÝM ÞÝRKETÝ ";"MUÐLA";"BODRUM";NA;NA;NA;"01.02.2012";"01.02.2061";2018-10-30;NA;11627;"GERÝÞ RES";"GERÝÞ RES";NA
"40W000000011632W";"HAMZABEYLÝ RES";"EÜ/3076-12/1836";"HAMZABEYLÝ RES";6071;"MERÝÇ RÜZGAR ENERJÝSÝ ELEKTRÝK ÜRETÝM ANONÝM ÞÝRKETÝ";NA;3;3,2;3;"https://www.enerjiatlasi.com/sehir/edirne/";NA;"Wind";"SERBEST ÜRETÝM ÞÝRKETÝ ";"EDÝRNE";"";NA;NA;NA;"17.02.2011";"17.02.2060";2018-03-30;NA;11632;"HAMZABEYLÝ RES";"HAMZABEYLÝ R";NA
"40W000000011635Q";"DEMÝRCÝLÝ RES";"EÜ/7385-1/03773";"DEMÝRCÝLÝ RES";6049;"DEMÝRCÝLÝ RÜZGAR ENERJÝSÝ ELEKTRÝK ÜRETÝM ANONÝM ÞÝRKETÝ";NA;157,76;40,06;40;"http://calikenerji.com/Pages/ProjectDetail.aspx?ID=11";NA;"Wind";"SERBEST ÜRETÝM ÞÝRKETÝ ";"ÝZMÝR";"URLA";NA;NA;NA;"19.10.2017";"29.05.2057";NA;NA;11635;".DEMÝRCÝLÝ RES";".DEMÝRCÝLÝ R";NA
"40W000000011703Z";"GÖKDAÐ RES";"EÜ/3382-7/2047";"GÖKDAÐ RES";6067;"ÝLETKEN ENERJÝ YATIRIM ÜRETÝM VE TÝCARET ANONÝM ÞÝRKETÝ";NA;10;8,57;10;"https://www.enerjiatlasi.com/firma/turkerler-enerji.html";NA;"Wind";"SERBEST ÜRETÝM ÞÝRKETÝ ";"KOCAELÝ";"KANDIRA";NA;NA;NA;"18.08.2011";"18.08.2060";2018-01-19;NA;11703;"GÖKDAÐ RES(ÝLETKEN ENR.)";"GÖKDAÐ RES(Ý";NA
"40W000000011705V";"YENÝ ELMALI RES";"EÜ/3308-5/1998";"YENÝ ELMALI RES";6168;"ELMALI ENERJÝ ÜRETÝM ANONÝM ÞÝRKETÝ";NA;9;9,3;9;"https://www.enerjiatlasi.com/ruzgar/elmali-ruzgar-santrali.html";NA;"Wind";"SERBEST ÜRETÝM ÞÝRKETÝ ";"MERSÝN";"SÝLÝFKE";NA;NA;NA;"06.07.2011";"06.07.2060";2018-03-01;NA;11705;"ELMALI RES(ELMALI ENR.)";"ELMALI RES(E";NA
"40W000000011905N";"DATÇA AKSA RES";"EÜ/6111-13/03449";"DATÇA AKSA RES";6046;"DATÇA RÜZGAR ENERJÝSÝ ELEKTRÝK ÜRETÝM A.Þ.";NA;12;12,94;12;"https://www.enerjiatlasi.com/ruzgar/datca-res.html";NA;"Wind";"SERBEST ÜRETÝM ÞÝRKETÝ ";"MUÐLA";"DATÇA";NA;NA;NA;"18.02.2016";"20.10.2060";2018-02-09;NA;11905;"DATÇA RES";"DATÇA RES";NA
"40W000000011987W";"AKDAÐ RES";"EÜ/3634-25/2206";"AKDAÐ RES";6006;"AHSEN ENERJÝ ÜRETÝM TÝC.VE SAN.A.Þ.";NA;37,45;37,45;23;"https://www.gungorelektrik.com/proje/akdag-ruzgar-enerji-santrali/";NA;"Wind";"SERBEST ÜRETÝM ÞÝRKETÝ ";"KONYA";"BEYÞEHÝR";NA;NA;NA;"10.01.2012";"10.01.2061";2018-03-02;NA;11987;"AKDAÐ RES(AHSEN ENR.)";"AKDAÐ RES(AH";NA
"40W000000012164Y";"ARDIÇLI RES";"EÜ/1690-1/1223";"ARDIÇLI RES";6016;"ES-YEL ELEKTRÝK ÜRETÝM ANONÝM ÞÝRKETÝ";NA;43,9099998474121;50;62,7;"http://www.sancakenerji.com.tr/tr/Tesis/7/Ardicli-RES";NA;"Wind";"SERBEST ÜRETÝM ÞÝRKETÝ ";"KONYA";"SELÇUKLU";NA;NA;NA;"24.07.2008";"24.07.2057";2018-07-06;NA;12164;"ARDIÇLI RES(ES-YEL)";"ARDIÇLI RES";NA
"40W000000012183U";"BAÐLAR RES";"EÜ/3887-2/2354";"BAÐLAR RES";6021;"BAÐLAR ELEKTRÝK ÜRETÝM ANONÝM ÞÝRKETÝ";NA;79,2;79,2;79,2;"http://www.sancakenerji.com.tr/tr/Tesis/3/Baglar-RES";NA;"Wind";"SERBEST ÜRETÝM ÞÝRKETÝ ";"KONYA";"MERKEZ";NA;NA;NA;"21.06.2012";"21.02.2060";2019-04-04;NA;12183;"BAÐLAR RES (BAÐLAR ELK.ÜRT.A.Þ.)";"BAÐLAR RES";NA
"40W000000012245Y";"ARES";"EÜ/7940/03964";"ARES";6000;"ELEKTRÝK ÜRETÝM ANONÝM ÞÝRKETÝ (EÜAÞ)";NA;16;6;7,2;"https://www.enerjiatlasi.com/ruzgar/alacati-ruzgar-santrali.html";NA;"Wind";"EÜAÞ SANTRALLARI";"ÝZMÝR";"ÇEÞME";NA;NA;NA;"12.06.2018";"12.06.2067";NA;NA;12245;"ALAÇATI RES(EÜAÞ)";"ALAÇATI RES(";NA
"40W000000012262Y";"KURTÝNÝ RES";"EÜ/4052-20/2443";"KURTÝNÝ RES";6105;"DENGE ENERJÝ ÜRETÝM SANAYÝ VE TÝCARET ANONÝM ÞÝRKETÝ";NA;14;14,45;14;"https://www.enerjiatlasi.com/ruzgar/kurtini-res.html";NA;"Wind";"SERBEST ÜRETÝM ÞÝRKETÝ ";"MERSÝN";"GÜLNAR";NA;NA;NA;"03.10.2012";"03.10.2061";2018-06-30;NA;12262;"KURTÝNÝ RES";"KURTÝNÝ RES";NA
"40W0000000123241";"EBER RES";"EÜ/3061-3/1809";"EBER RES";6053;"EBER ELEKTRÝK ÜRETÝM ANONÝM ÞÝRKETÝ";NA;36;43;36;"http://www.erdem.com.tr/tr/sirket-detay/eber-elektrik-uretim-as-11";NA;"Wind";"SERBEST ÜRETÝM ÞÝRKETÝ ";"AFYON";"SULTANDAÐI";NA;NA;NA;"01.02.2011";"01.02.2060";2018-08-16;NA;12324;"EBER RES";"EBER RES";NA
"40W000000012345U";"ALÝBEY RES";"EÜ/207-3/352";"ALÝBEY RES";6013;"ALÝBEYRES RÜZGAR ENERJÝ ÜRETÝM ANONÝM ÞÝRKETÝ";NA;30;32;30;"https://www.katwind.com/alibey-res/";NA;"Wind";"SERBEST ÜRETÝM ÞÝRKETÝ ";"BALIKESÝR";"BURHANÝYE";NA;NA;NA;"11.09.2003";"11.09.2052";2018-09-28;NA;12345;"ALÝBEY RES (ALÝBEY RES A.Þ.)";"ALÝBEY RES (";NA
"40W000000012355R";"CERÝT RES";"EÜ/3034-10/1791";"CERÝT RES";6043;"PAKMEM ELEKTRÝK ÜRETSAN. VE TÝC.A.Þ.";NA;57,5999984741211;53,92;90;"http://www.pakmem.com.tr/uretim-santrallerimiz/";NA;"Wind";"SERBEST ÜRETÝM ÞÝRKETÝ ";"KAHRAMANMARAÞ";"ÇAÐLAYANCERÝT";NA;NA;NA;"19.01.2011";"19.01.2060";2019-03-28;NA;12355;"CERÝT RES_(PAKMEM)";"CERÝT RES_(P";NA
"40W000000012383M";"GAZÝ RES";"EÜ/3118-9/1875";"GAZÝ RES";6061;"ARIEN ELEKTRÝK ÜRETÝM A.Þ.";NA;6,87;6,87;5;"https://www.enerjiatlasi.com/sehir/istanbul/";NA;"Wind";"SERBEST ÜRETÝM ÞÝRKETÝ ";"ÝSTANBUL";"ÇATALCA";NA;NA;NA;"16.03.2011";"16.03.2060";2018-10-27;NA;12383;"GAZÝ RES(ARI EN)";"GAZÝ RES(ARI";NA
"40W000000012384K";"SAKARBAYIR RES";"EÜ/3118-14/1880";"SAKARBAYIR RES";6129;"ARIEN ELEKTRÝK ÜRETÝM A.Þ.";NA;3;3,45;3;"https://www.enerjiatlasi.com/ruzgar-enerjisi-haritasi/istanbul";NA;"Wind";"SERBEST ÜRETÝM ÞÝRKETÝ ";"ÝSTANBUL";"ÇATALCA";NA;NA;NA;"16.03.2011";"16.03.2060";2018-10-31;NA;12384;"SAKARBAYIR RES(ARI EN)";"SAKARBAYIR R";NA
"40W000000012427S";"ARZU RES";"EÜ/6892-8/03630";"ARZU RES";6017;"HIRKA RÜZGAR ENERJÝ SANTRALÝ ANONÝM ÞÝRKETÝ";NA;10,87;10,87;9;"https://www.enerjiatlasi.com/ruzgar/arzu-res.html";NA;"Wind";"SERBEST ÜRETÝM ÞÝRKETÝ ";"AMASYA";"MERZÝFON";NA;NA;NA;"02.02.2017";"17.11.2060";2019-02-15;NA;12427;"ARZU RES";"ARZU RES";NA
"40W000000012482K";"KOCALAR RES";"EÜ/3570-5/2180";"KOCALAR RES";6099;"ISIDER ENERJÝ ÜRETÝM PAZ. ÝTH. VE ÝHR. ANONÝM ÞÝRKETÝ";NA;26;29,8;30,6;"http://www.akfen.com.tr/yenilenebilir-enerji";NA;"Wind";"SERBEST ÜRETÝM ÞÝRKETÝ ";"ÇANAKKALE";"MERKEZ";NA;NA;NA;"22.12.2011";"22.12.2060";2019-03-14;NA;12482;"KOCALAR RES(ISIDER)";"KOCALAR RES(";NA
"40W100000000742N";"BANDIRMA RES";"EÜ/1447-8/1049";"BANDIRMA RES";6025;"BANDIRMA ENERJÝ VE ELEKTRÝK ÜRETÝM TÝCARET ANONÝM ÞÝRKETÝ";NA;328;92,6;87;"https://www.enerjiatlasi.com/ruzgar/bandirma-kursunlu-res.html";NA;"Wind";"SERBEST ÜRETÝM ÞÝRKETÝ ";"BALIKESÝR";"BANDIRMA";NA;NA;NA;"31.12.2007";"31.12.2056";2015-02-27;NA;742;"BANDIRMA RES(BANDIRMA ENR.)";"BanRes      ";NA
"40W100000008100N";"ALÝAÐA RES";"EÜ/4270-2/02549";"ALÝAÐA RES";6012;"TAN ELEKTRÝK ÜRETÝM ANONÝM ÞÝRKETÝ";NA;19,2000007629395;19,16;19,2;"http://www.akcaenerji.com.tr/tr/projeler";NA;"Wind";"SERBEST ÜRETÝM ÞÝRKETÝ ";"ÝZMÝR";"ALÝAÐA";NA;NA;NA;"12.02.2013";"12.02.2062";2016-12-30;NA;8100;"ALÝAÐA RES(TAN ELK.)";"S8100";NA
"40W100000009623N";"YAHYALI RES";"EÜ/3498-11/2145";"YAHYALI RES";6165;"SE SANTRAL ELEKTRÝK ÜRETÝM SANAYÝ VE TÝCARET ANONÝM ÞÝRKETÝ";NA;150,32;51,99;82,5;"http://www.bgenerji.com.tr/tr/projelerimiz/yahyali-ruzgar-enerji-santrali";NA;"Wind";"SERBEST ÜRETÝM ÞÝRKETÝ ";"KAYSERÝ";"YAHYALI";NA;NA;NA;"17.11.2011";"17.11.2060";2016-01-29;NA;9623;"YAHYALI RES (SE)";"YAHYALI RES";NA
"40W100000012082N";"KALFAKÖY RES";"EÜ/4584-1/02629";"KALFAKÖY RES";6077;"KIRCA ENERJÝ YATIRIM ÜRETÝM VE TÝCARET ANONÝM ÞÝRKETÝ";NA;10,0200004577637;11,08;10;"http://www.turkerler.com/proje/kalfakoy-res/45";NA;"Wind";"SERBEST ÜRETÝM ÞÝRKETÝ ";"BALIKESÝR";"GÖNEN";NA;NA;NA;"05.09.2013";"12.01.2061";2018-04-13;NA;12082;"KALFAKÖY RES";"KALFAKÖY RES";NA
"40W100000012342N";"BERGAMA VENTO RES";"EÜ/3683-26/2243";"BERGAMA VENTO RES";6030;"VENTO ELEKTRÝK ÜRETÝM ANONÝM ÞÝRKETÝ";NA;25;24,84;21,6;"https://www.katwind.com/yenihisar-res/";NA;"Wind";"SERBEST ÜRETÝM ÞÝRKETÝ ";"ÝZMÝR";"BERGAMA";NA;NA;NA;"09.02.2012";"09.02.2061";2019-03-21;NA;12342;"BERGAMA RES(VENTO)";"BERGAMA RES";NA
"40W100000012406N";"YENÝHÝSAR RES";"EÜ/3382-8/2048";"YENÝHÝSAR RES";6169;"YENÝ ENERJÝ YATIRIM ÜRETÝM VE TÝCARET ANONÝM ÞÝRKETÝ";NA;17,7999992370605;20,64;17,8;"https://www.enerjiatlasi.com/ruzgar/yenihisar-res.html";NA;"Wind";"SERBEST ÜRETÝM ÞÝRKETÝ ";"AYDIN";"DÝDÝM";NA;NA;NA;"18.08.2011";"18.08.2060";2019-04-12;NA;12406;"YENÝHÝSAR RES(YENÝ ENR.)";"YENÝHÝSAR RE";NA
